"DistrictCode","prefcity","JPCode","LocName","fX","fY","iConf","iLvl"
1101,北海道札幌市中央区,83,"北海道/札幌市/中央区","141.34100","43.05536","5","4"
1102,北海道札幌市北区,10,"北海道/札幌市/北区","141.34088","43.09069","5","4"
1103,北海道札幌市東区,19,"北海道/札幌市/東区","141.36366","43.07624","5","4"
1104,北海道札幌市白石区,21,"北海道/札幌市/白石区","141.40514","43.04751","5","4"
1106,北海道札幌市南区,3,"北海道/札幌市/南区","141.35350","42.98999","5","4"
1107,北海道札幌市西区,27,"北海道/札幌市/西区","141.30090","43.07435","5","4"
1108,北海道札幌市厚別区,17,"北海道/札幌市/厚別区","141.47473","43.03621","5","4"
1110,北海道札幌市清田区,2,"北海道/札幌市/清田区","141.44385","42.99943","5","4"
1202,北海道函館市,12,"北海道/函館市","140.72911","41.76871","5","3"
1203,北海道小樽市,8,"北海道/小樽市","140.99460","43.19075","5","3"
1204,北海道旭川市,1,"北海道/旭川市","142.36479","43.77080","5","3"
1205,北海道室蘭市,18,"北海道/室蘭市","140.97379","42.31520","5","3"
1206,北海道釧路市,6,"北海道/釧路市","144.39134","43.02894","5","3"
1207,北海道帯広市,1,"北海道/帯広市","143.19620","42.92402","5","3"
1212,北海道留萌市,4,"北海道/留萌市","141.63701","43.94099","5","3"
1218,北海道赤平市,15,"北海道/赤平市","142.04422","43.55804","5","3"
1219,北海道紋別市,3,"北海道/紋別市","143.35428","44.35633","5","3"
1220,北海道士別市,3,"北海道/士別市","142.40018","44.17863","5","3"
1223,北海道根室市,1,"北海道/根室市","145.58290","43.33004","5","3"
1224,北海道千歳市,27,"北海道/千歳市","141.65114","42.82113","5","3"
1226,北海道砂川市,7,"北海道/砂川市","141.90346","43.49485","5","3"
1235,北海道石狩市,5,"北海道/石狩市","141.31552","43.17136","5","3"
1335,北海道上磯町,1,"北海道/上磯町","140.63008","41.83245","5","0"
1558,北海道上湧別町,5,"北海道/上湧別町","143.55580","44.19950","5","0"
1605,北海道静内町,2,"北海道/静内町","142.37352","42.34476","5","0"
2201,青森県青森市,11,"青森県/青森市","140.74731","40.82236","5","3"
2202,青森県弘前市,9,"青森県/弘前市","140.46400","40.60297","5","3"
2203,青森県八戸市,28,"青森県/八戸市","141.48840","40.51228","5","3"
2204,青森県黒石市,7,"青森県/黒石市","140.59454","40.64261","5","3"
2206,青森県十和田市,1,"青森県/十和田市","141.20592","40.61270","5","3"
3201,岩手県盛岡市,6,"岩手県/盛岡市","141.23064","39.71139","5","3"
3202,岩手県宮古市,7,"岩手県/宮古市","141.95709","39.64146","5","3"
3204,岩手県水沢市,8,"岩手県/水沢市","141.13911","39.14450","5","3"
3205,岩手県花巻市,1,"岩手県/花巻市","141.11685","39.38861","5","3"
3206,岩手県北上市,26,"岩手県/北上市","141.11316","39.28682","5","3"
3209,岩手県一関市,2,"岩手県/一関市","141.12675","38.93475","5","3"
3212,岩手県江刺市,2,"岩手県/江刺市","141.17361","39.19148","5","3"
3213,岩手県二戸市,2,"岩手県/二戸市","141.30481","40.27119","5","3"
3215,岩手県奥州市,2,"岩手県/奥州市","141.13911","39.14450","5","3"
3305,岩手県滝沢村,7,"岩手県/滝沢","141.07707","39.73474","5","3"
3382,岩手県前沢町,1,"岩手県","141.95709","39.64146","3","1"
3402,岩手県平泉町,1,"岩手県/平泉町","141.11398","38.98678","5","0"
4101,宮城県仙台市青葉区,73,"宮城県/仙台市/青葉区","140.87038","38.26909","5","4"
4102,宮城県仙台市宮城野区,25,"宮城県/仙台市/宮城野区","140.90984","38.26619","5","4"
4103,宮城県仙台市若林区,36,"宮城県/仙台市/若林区","140.90074","38.24418","5","4"
4104,宮城県仙台市太白区,17,"宮城県/仙台市/太白区","140.87721","38.22440","5","4"
4105,宮城県仙台市泉区,21,"宮城県/仙台市/泉区","140.88162","38.32636","5","4"
4202,宮城県石巻市,7,"宮城県/石巻市","141.30290","38.43446","5","3"
4204,宮城県古川市,8,"宮城県/古川市","140.95557","38.57713","5","3"
4205,宮城県気仙沼市,2,"宮城県/気仙沼市","141.57004","38.90813","5","3"
4206,宮城県白石市,13,"宮城県/白石市","140.61989","38.00247","5","3"
4207,宮城県名取市,5,"宮城県/名取市","140.89185","38.17150","5","3"
4209,宮城県多賀城市,9,"宮城県/多賀城市","141.00436","38.29380","5","3"
4213,宮城県栗原市,1,"宮城県/栗原市","141.02151","38.73006","5","3"
4215,宮城県大崎市,17,"宮城県/大崎市","140.95557","38.57713","5","3"
4216,宮城県富谷市,6,"宮城県/富谷市","140.89549","38.39992","5","3"
4321,宮城県大河原町,1,"宮城県/大河原町","140.73077","38.04941","5","0"
4322,宮城県村田町,19,"宮城県/村田町","140.72240","38.11859","5","0"
4323,宮城県柴田町,9,"宮城県/柴田町","140.76579","38.05660","5","0"
4341,宮城県丸森町,8,"宮城県/丸森町","140.76537","37.91154","5","0"
4361,宮城県亘理町,8,"宮城県/亘理町","140.85257","38.03777","5","0"
4362,宮城県山元町,16,"宮城県/山元町","140.87753","37.96241","5","0"
4401,宮城県松島町,3,"宮城県/松島町","141.06729","38.38015","5","0"
4406,宮城県利府町,11,"宮城県/利府町","140.97580","38.33036","5","0"
4423,宮城県富谷町,3,"宮城県/富谷","140.89549","38.39992","5","3"
4424,宮城県大衡村,10,"宮城県/大衡村","140.87999","38.46728","5","0"
5201,秋田県秋田市,21,"秋田県/秋田市","140.10251","39.71993","5","3"
5203,秋田県横手市,12,"秋田県/横手市","140.56664","39.31378","5","3"
5205,秋田県,2,"秋田県","140.10251","39.71993","3","1"
5207,秋田県湯沢市,4,"秋田県/湯沢市","140.49469","39.16407","5","3"
5208,秋田県,5,"秋田県","140.10251","39.71993","3","1"
5209,秋田県鹿角市,1,"秋田県/鹿角市","140.78851","40.21579","5","3"
5210,秋田県由利本荘市,1,"秋田県/由利本荘市","140.04881","39.38581","5","3"
5215,秋田県仙北市,7,"秋田県/仙北市","140.73073","39.70004","5","3"
5406,秋田県,5,"秋田県","140.10251","39.71993","3","1"
5444,秋田県大森町,1,"秋田県/大森町","140.41089","39.37484","5","0"
6201,山形県山形市,92,"山形県/山形市","140.33960","38.25544","5","3"
6202,山形県米沢市,46,"山形県/米沢市","140.11668","37.92224","5","3"
6203,山形県鶴岡市,17,"山形県/鶴岡市","139.82672","38.72718","5","3"
6204,山形県酒田市,1,"山形県/酒田市","139.83652","38.91439","5","3"
6205,山形県新庄市,7,"山形県/新庄市","140.30167","38.76496","5","3"
6206,山形県寒河江市,11,"山形県/寒河江市","140.27606","38.38095","5","3"
6208,山形県村山市,1,"山形県/村山市","140.38039","38.48335","5","3"
6209,山形県長井市,19,"山形県/長井市","140.04054","38.10749","5","3"
6210,山形県天童市,23,"山形県/天童市","140.37781","38.36218","5","3"
6211,山形県東根市,9,"山形県/東根市","140.39102","38.43129","5","3"
6323,山形県朝日町,3,"山形県/朝日町","140.14592","38.29929","5","0"
6324,山形県大江町,5,"山形県/大江町","140.20679","38.38071","5","0"
6364,山形県真室川町,13,"山形県/真室川町","140.25237","38.85790","5","0"
6381,山形県高畠町,1,"山形県/高畠町","140.17848","38.00075","5","0"
6403,山形県飯豊町,3,"山形県/飯豊町","139.98761","38.04572","5","0"
6426,山形県三川町,10,"山形県/三川町","139.84961","38.79453","5","0"
7201,福島県福島市,85,"福島県/福島市","140.47327","37.76076","5","3"
7202,福島県会津若松市,16,"福島県/会津若松市","139.92970","37.49484","5","3"
7203,福島県郡山市,63,"福島県/郡山市","140.35965","37.40046","5","3"
7204,福島県いわき市,42,"福島県/いわき市","140.88768","37.05046","5","3"
7207,福島県須賀川市,47,"福島県/須賀川市","140.35428","37.28944","5","3"
7208,福島県喜多方市,4,"福島県/喜多方市","139.87448","37.65113","5","3"
7209,福島県相馬市,7,"福島県/相馬市","140.91963","37.79652","5","3"
7210,福島県二本松市,23,"福島県/二本松市","140.43120","37.58478","5","3"
7213,福島県伊達市,8,"福島県/伊達市","140.56290","37.81910","5","3"
7302,福島県伊達町,3,"福島県/伊達町","140.49139","37.81368","5","0"
7305,福島県保原町,11,"福島県/保原町","140.56992","37.82265","5","0"
7308,福島県川俣町,9,"福島県/川俣町","140.59724","37.66198","5","0"
7324,福島県白沢村,1,"福島県/白沢村","140.43874","37.48418","5","0"
7421,福島県会津坂下町,6,"福島県/会津坂下町","139.82173","37.56146","5","0"
7461,福島県西郷村,10,"福島県/西郷村","140.15530","37.14177","5","0"
7502,福島県玉川村,7,"福島県/玉川村","140.40894","37.21072","5","0"
7543,福島県富岡町,1,"福島県/富岡町","141.00865","37.34550","5","0"
8201,茨城県水戸市,19,"茨城県/水戸市","140.47122","36.36586","5","3"
8202,茨城県日立市,31,"茨城県/日立市","140.65155","36.59901","5","3"
8203,茨城県土浦市,37,"茨城県/土浦市","140.19606","36.07187","5","3"
8204,茨城県古河市,13,"茨城県/古河市","139.75537","36.17823","5","3"
8205,茨城県石岡市,1,"茨城県/石岡市","140.28725","36.19084","5","3"
8206,茨城県,8,"茨城県","140.47122","36.36586","3","1"
8208,茨城県龍ケ崎市,4,"茨城県/龍ケ崎市","140.18227","35.91159","5","3"
8210,茨城県下妻市,7,"茨城県/下妻市","139.96738","36.18452","5","3"
8211,茨城県常総市,7,"茨城県/常総市","139.99393","36.02356","5","3"
8214,茨城県高萩市,3,"茨城県/高萩市","140.71683","36.71872","5","3"
8215,茨城県北茨城市,6,"茨城県/北茨城市","140.75104","36.80189","5","3"
8216,茨城県笠間市,5,"茨城県/笠間市","140.30423","36.34513","5","3"
8220,茨城県つくば市,22,"茨城県/つくば市","140.07648","36.08356","5","3"
8221,茨城県ひたちなか市,17,"茨城県/ひたちなか市","140.53468","36.39661","5","3"
8222,茨城県鹿嶋市,3,"茨城県/鹿嶋市","140.64485","35.96572","5","3"
8224,茨城県守谷市,5,"茨城県/守谷市","139.97546","35.95133","5","3"
8225,茨城県常陸大宮市,3,"茨城県/常陸大宮市","140.41101","36.54259","5","3"
8227,茨城県筑西市,20,"茨城県/筑西市","139.98306","36.30711","5","3"
8233,茨城県行方市,7,"茨城県/行方市","140.48911","35.99017","5","3"
8235,茨城県つくばみらい市,8,"茨城県/つくばみらい市","140.03706","35.96291","5","3"
8236,茨城県小美玉市,1,"茨城県/小美玉市","140.35258","36.23928","5","3"
8321,茨城県友部町,1,"茨城県/友部町","140.30772","36.35030","5","0"
8322,茨城県岩間町,1,"茨城県/岩間町","140.33766","36.28166","5","0"
8324,茨城県岩瀬町,2,"茨城県/岩瀬町","140.13765","36.36703","5","0"
8344,茨城県,4,"茨城県","140.47122","36.36586","3","1"
8443,茨城県阿見町,14,"茨城県/阿見町","140.21477","36.03087","5","0"
8462,茨城県玉里村,7,"茨城県/玉里村","140.34290","36.15117","5","0"
8482,茨城県伊奈町,4,"茨城県/伊奈町","140.07906","35.95224","5","0"
8483,茨城県谷和原村,1,"茨城県/谷和原村","140.04277","36.01277","5","0"
8502,茨城県,3,"茨城県","140.47122","36.36586","3","1"
8521,茨城県八千代町,4,"茨城県/八千代町","139.89114","36.18163","5","0"
8541,茨城県総和町,1,"茨城県/総和町","139.74120","36.16532","5","0"
9201,栃木県宇都宮市,87,"栃木県/宇都宮市","139.88281","36.55511","5","3"
9202,栃木県足利市,57,"栃木県/足利市","139.44969","36.34015","5","3"
9203,栃木県栃木市,38,"栃木県/栃木市","139.73412","36.38242","5","3"
9204,栃木県佐野市,10,"栃木県/佐野市","139.59314","36.30860","5","3"
9205,栃木県鹿沼市,33,"栃木県/鹿沼市","139.74510","36.56712","5","3"
9206,栃木県日光市,25,"栃木県/日光市","139.69820","36.71986","5","3"
9207,栃木県今市市,4,"栃木県/今市市","139.73192","36.68933","5","3"
9208,栃木県小山市,32,"栃木県/小山市","139.80013","36.31448","5","3"
9209,栃木県真岡市,37,"栃木県/真岡市","140.01343","36.44043","5","3"
9210,栃木県大田原市,12,"栃木県/大田原市","140.01546","36.87107","5","3"
9211,栃木県矢板市,6,"栃木県/矢板市","139.92422","36.80673","5","3"
9212,栃木県,6,"栃木県","139.88281","36.55511","3","1"
9213,栃木県那須塩原市,4,"栃木県/那須塩原市","140.04605","36.96169","5","3"
9214,栃木県さくら市,12,"栃木県/さくら市","139.96648","36.68530","5","3"
9215,栃木県那須烏山市,1,"栃木県/那須烏山市","140.15138","36.65689","5","3"
9216,栃木県下野市,28,"栃木県/下野市","139.84195","36.38717","5","3"
9301,栃木県上三川町,1,"栃木県/上三川町","139.91022","36.43927","5","0"
9322,栃木県粟野町,7,"栃木県/粟野町","139.61241","36.47970","5","0"
9341,栃木県二宮町,1,"栃木県/二宮町","140.04024","36.40322","5","0"
9345,栃木県芳賀町,19,"栃木県/芳賀町","140.05820","36.54821","5","0"
9361,栃木県壬生町,18,"栃木県/壬生町","139.79536","36.41549","5","0"
9362,栃木県石橋町,1,"栃木県/石橋町","139.85588","36.45530","5","0"
9365,栃木県大平町,9,"栃木県/大平町","139.72603","36.31957","5","0"
9366,栃木県藤岡町,5,"栃木県/藤岡町","139.66623","36.20874","5","0"
9385,栃木県,2,"栃木県","139.88281","36.55511","3","1"
9386,栃木県高根沢町,7,"栃木県/高根沢町","139.98668","36.63098","5","0"
9402,栃木県烏山町,2,"栃木県/烏山町","140.20811","36.64654","5","0"
9409,栃木県,2,"栃木県","139.88281","36.55511","3","1"
9410,栃木県,1,"栃木県","139.88281","36.55511","3","1"
9421,栃木県,1,"栃木県","139.88281","36.55511","3","1"
10201,群馬県前橋市,67,"群馬県/前橋市","139.06349","36.38941","5","3"
10202,群馬県高崎市,92,"群馬県/高崎市","139.00336","36.32195","5","3"
10203,群馬県桐生市,101,"群馬県/桐生市","139.33064","36.40521","5","3"
10204,群馬県伊勢崎市,108,"群馬県/伊勢崎市","139.19696","36.31134","5","3"
10205,群馬県太田市,114,"群馬県/太田市","139.37537","36.29113","5","3"
10206,群馬県沼田市,1,"群馬県/沼田市","139.04407","36.64608","5","3"
10207,群馬県館林市,7,"群馬県/館林市","139.54205","36.24484","5","3"
10208,群馬県渋川市,21,"群馬県/渋川市","139.00040","36.48948","5","3"
10209,群馬県藤岡市,11,"群馬県/藤岡市","139.07457","36.25851","5","3"
10210,群馬県富岡市,15,"群馬県/富岡市","138.88995","36.25985","5","3"
10211,群馬県安中市,11,"群馬県/安中市","138.88724","36.32630","5","3"
10341,群馬県子持村,5,"群馬県/子持村","138.98322","36.55391","5","0"
10384,群馬県甘楽町,3,"群馬県/甘楽町","138.92175","36.24301","5","0"
10444,群馬県川場村,2,"群馬県/川場村","139.10651","36.69468","5","0"
10461,群馬県,4,"群馬県","139.06349","36.38941","3","1"
10463,群馬県,2,"群馬県","139.06349","36.38941","3","1"
10464,群馬県玉村町,9,"群馬県/玉村町","139.11491","36.30444","5","0"
10521,群馬県板倉町,3,"群馬県/板倉町","139.61028","36.22295","5","0"
10522,群馬県明和町,4,"群馬県/明和町","139.53423","36.21128","5","0"
10523,群馬県千代田町,2,"群馬県/千代田町","139.44244","36.21775","5","0"
10524,群馬県大泉町,37,"群馬県/大泉町","139.40485","36.24786","5","0"
10525,群馬県邑楽町,2,"群馬県/邑楽町","139.46230","36.25239","5","0"
11102,埼玉県さいたま市北区,45,"埼玉県/さいたま市/北区","139.62029","35.93139","5","4"
11103,埼玉県さいたま市大宮区,77,"埼玉県/さいたま市/大宮区","139.62872","35.90648","5","4"
11104,埼玉県さいたま市見沼区,39,"埼玉県/さいたま市/見沼区","139.65443","35.93521","5","4"
11105,埼玉県さいたま市中央区,67,"埼玉県/さいたま市/中央区","139.62617","35.88396","5","4"
11106,埼玉県さいたま市桜区,31,"埼玉県/さいたま市/桜区","139.60977","35.85588","5","4"
11107,埼玉県さいたま市浦和区,3,"埼玉県/さいたま市/浦和区","139.64540","35.86197","5","4"
11108,埼玉県さいたま市南区,28,"埼玉県/さいたま市/南区","139.64651","35.84484","5","4"
11110,埼玉県さいたま市岩槻区,23,"埼玉県/さいたま市/岩槻区","139.69418","35.94988","5","4"
11201,埼玉県川越市,145,"埼玉県/川越市","139.48584","35.92511","5","3"
11202,埼玉県熊谷市,56,"埼玉県/熊谷市","139.38866","36.14736","5","3"
11203,埼玉県川口市,201,"埼玉県/川口市","139.72417","35.80774","5","3"
11204,埼玉県,34,"埼玉県","139.64551","35.86152","3","1"
11205,埼玉県,50,"埼玉県","139.64551","35.86152","3","1"
11206,埼玉県行田市,58,"埼玉県/行田市","139.45564","36.13895","5","3"
11207,埼玉県秩父市,40,"埼玉県/秩父市","139.08548","35.99168","5","3"
11208,埼玉県所沢市,41,"埼玉県/所沢市","139.46861","35.79967","5","3"
11209,埼玉県飯能市,5,"埼玉県/飯能市","139.32779","35.85576","5","3"
11210,埼玉県加須市,56,"埼玉県/加須市","139.60178","36.13144","5","3"
11211,埼玉県本庄市,12,"埼玉県/本庄市","139.19063","36.24333","5","3"
11212,埼玉県東松山市,26,"埼玉県/東松山市","139.39995","36.04216","5","3"
11213,埼玉県岩槻市,19,"埼玉県/岩槻市","139.69418","35.94988","5","3"
11215,埼玉県狭山市,31,"埼玉県/狭山市","139.41223","35.85291","5","3"
11216,埼玉県羽生市,18,"埼玉県/羽生市","139.54860","36.17267","5","3"
11217,埼玉県鴻巣市,44,"埼玉県/鴻巣市","139.52217","36.06576","5","3"
11218,埼玉県深谷市,2,"埼玉県/深谷市","139.28146","36.19747","5","3"
11219,埼玉県上尾市,111,"埼玉県/上尾市","139.59320","35.97741","5","3"
11220,埼玉県,22,"埼玉県","139.64551","35.86152","3","1"
11221,埼玉県草加市,26,"埼玉県/草加市","139.80533","35.82537","5","3"
11222,埼玉県越谷市,23,"埼玉県/越谷市","139.79094","35.89109","5","3"
11223,埼玉県蕨市,45,"埼玉県/蕨市","139.67976","35.82558","5","3"
11224,埼玉県戸田市,23,"埼玉県/戸田市","139.67793","35.81763","5","3"
11225,埼玉県入間市,118,"埼玉県/入間市","139.39105","35.83577","5","3"
11226,埼玉県鳩ヶ谷市,10,"埼玉県/鳩ヶ谷市","139.74117","35.82674","5","3"
11227,埼玉県朝霞市,69,"埼玉県/朝霞市","139.59392","35.79726","5","3"
11228,埼玉県志木市,23,"埼玉県/志木市","139.58023","35.83661","5","3"
11229,埼玉県和光市,49,"埼玉県/和光市","139.60570","35.78111","5","3"
11230,埼玉県新座市,31,"埼玉県/新座市","139.56532","35.79350","5","3"
11231,埼玉県桶川市,22,"埼玉県/桶川市","139.55818","36.00297","5","3"
11232,埼玉県久喜市,42,"埼玉県/久喜市","139.66684","36.06206","5","3"
11233,埼玉県北本市,4,"埼玉県/北本市","139.53540","36.01285","5","3"
11234,埼玉県八潮市,37,"埼玉県/八潮市","139.83917","35.82254","5","3"
11236,埼玉県上福岡市,8,"埼玉県/上福岡市","139.51982","35.87939","5","3"
11237,埼玉県三郷市,10,"埼玉県/三郷市","139.87225","35.83013","5","3"
11239,埼玉県坂戸市,7,"埼玉県/坂戸市","139.40298","35.95726","5","3"
11241,埼玉県鶴ヶ島市,21,"埼玉県/鶴ヶ島市","139.39313","35.93452","5","3"
11242,埼玉県日高市,16,"埼玉県/日高市","139.33914","35.90775","5","3"
11243,埼玉県吉川市,21,"埼玉県/吉川市","139.84132","35.89112","5","3"
11245,埼玉県ふじみ野市,13,"埼玉県/ふじみ野市","139.51982","35.87939","5","3"
11246,埼玉県白岡市,16,"埼玉県/白岡市","139.65463","36.01309","5","3"
11301,埼玉県伊奈町,7,"埼玉県/伊奈町","139.62387","35.99987","5","0"
11304,埼玉県吹上町,4,"埼玉県/吹上町","139.44272","36.10654","5","0"
11324,埼玉県三芳町,52,"埼玉県/三芳町","139.52652","35.82835","5","0"
11342,埼玉県嵐山町,16,"埼玉県/嵐山町","139.32051","36.05657","5","0"
11343,埼玉県小川町,11,"埼玉県/小川町","139.26180","36.05666","5","0"
11345,埼玉県玉川村,5,"埼玉県","139.64551","35.86152","3","1"
11346,埼玉県川島町,16,"埼玉県/川島町","139.48152","35.98204","5","0"
11347,埼玉県吉見町,3,"埼玉県/吉見町","139.45374","36.03985","5","0"
11382,埼玉県児玉町,3,"埼玉県/児玉町","139.08031","36.15948","5","0"
11383,埼玉県神川町,7,"埼玉県","139.64551","35.86152","3","1"
11407,埼玉県花園町,3,"埼玉県/花園町","139.25343","36.13753","5","0"
11421,埼玉県騎西町,5,"埼玉県/騎西町","139.59222","36.08038","5","0"
11425,埼玉県大利根町,3,"埼玉県/大利根町","139.65784","36.13354","5","0"
11442,埼玉県宮代町,1,"埼玉県/宮代町","139.72307","36.02259","5","0"
11445,埼玉県白岡町,5,"埼玉県/白岡","139.65463","36.01309","5","3"
11446,埼玉県菖蒲町,11,"埼玉県/菖蒲町","139.63631","36.05893","5","0"
11462,埼玉県鷲宮町,4,"埼玉県/鷲宮町","139.68370","36.08345","5","0"
12101,千葉県千葉市中央区,20,"千葉県/千葉市/中央区","140.12459","35.60900","5","4"
12102,千葉県千葉市花見川区,26,"千葉県/千葉市/花見川区","140.06906","35.66288","5","4"
12103,千葉県千葉市稲毛区,33,"千葉県/千葉市/稲毛区","140.10710","35.63620","5","4"
12104,千葉県千葉市若葉区,5,"千葉県/千葉市/若葉区","140.15565","35.63401","5","4"
12105,千葉県千葉市緑区,4,"千葉県/千葉市/緑区","140.17615","35.56050","5","4"
12106,千葉県千葉市美浜区,194,"千葉県/千葉市/美浜区","140.06303","35.64055","5","4"
12201,千葉県,4,"千葉県","140.10638","35.60733","3","1"
12202,千葉県銚子市,9,"千葉県/銚子市","140.82680","35.73467","5","3"
12203,千葉県市川市,80,"千葉県/市川市","139.93102","35.72191","5","3"
12204,千葉県船橋市,65,"千葉県/船橋市","139.98262","35.69471","5","3"
12205,千葉県館山市,6,"千葉県/館山市","139.87009","34.99661","5","3"
12207,千葉県松戸市,100,"千葉県/松戸市","139.90323","35.78765","5","3"
12208,千葉県野田市,49,"千葉県/野田市","139.87483","35.95510","5","3"
12210,千葉県茂原市,45,"千葉県/茂原市","140.28806","35.42854","5","3"
12211,千葉県成田市,24,"千葉県/成田市","140.31879","35.77660","5","3"
12212,千葉県佐倉市,8,"千葉県/佐倉市","140.22397","35.72344","5","3"
12216,千葉県習志野市,57,"千葉県/習志野市","140.02438","35.68293","5","3"
12217,千葉県柏市,93,"千葉県/柏市","139.97620","35.86829","5","3"
12219,千葉県市原市,31,"千葉県/市原市","140.11560","35.49790","5","3"
12220,千葉県流山市,16,"千葉県/流山市","139.90259","35.85629","5","3"
12221,千葉県八千代市,16,"千葉県/八千代市","140.09991","35.72238","5","3"
12222,千葉県我孫子市,6,"千葉県/我孫子市","140.02823","35.86416","5","3"
12224,千葉県鎌ケ谷市,2,"千葉県/鎌ケ谷市","140.00073","35.77676","5","3"
12227,千葉県浦安市,26,"千葉県/浦安市","139.90219","35.65399","5","3"
12229,千葉県袖ケ浦市,20,"千葉県/袖ケ浦市","139.95435","35.42995","5","3"
12232,千葉県白井市,5,"千葉県/白井市","140.05637","35.79150","5","3"
12233,千葉県富里市,1,"千葉県/富里市","140.34308","35.72681","5","3"
12235,千葉県匝瑳市,1,"千葉県/匝瑳市","140.56436","35.70791","5","3"
12237,千葉県山武市,1,"千葉県/山武市","140.41353","35.60299","5","3"
12303,千葉県,2,"千葉県","140.10638","35.60733","3","1"
12322,千葉県酒々井町,1,"千葉県/酒々井町","140.26949","35.72475","5","0"
12405,千葉県山武町,8,"千葉県/山武","140.41353","35.60299","5","3"
12426,千葉県長柄町,9,"千葉県/長柄町","140.22707","35.43115","5","0"
13101,東京都千代田区,7848,"東京都/千代田区","139.75363","35.69400","5","3"
13102,東京都中央区,7121,"東京都/中央区","139.77200","35.67059","5","3"
13103,東京都港区,7376,"東京都/港区","139.75160","35.65807","5","3"
13104,東京都新宿区,2486,"東京都/新宿区","139.70346","35.69389","5","3"
13105,東京都文京区,692,"東京都/文京区","139.75247","35.70798","5","3"
13106,東京都台東区,966,"東京都/台東区","139.77998","35.71261","5","3"
13107,東京都墨田区,515,"東京都/墨田区","139.80150","35.71072","5","3"
13108,東京都江東区,916,"東京都/江東区","139.81737","35.67286","5","3"
13109,東京都品川区,2351,"東京都/品川区","139.73026","35.60907","5","3"
13110,東京都目黒区,553,"東京都/目黒区","139.69812","35.64141","5","3"
13111,東京都大田区,1185,"東京都/大田区","139.71599","35.56126","5","3"
13112,東京都世田谷区,346,"東京都/世田谷区","139.65321","35.64648","5","3"
13113,東京都渋谷区,2160,"東京都/渋谷区","139.69795","35.66398","5","3"
13114,東京都中野区,282,"東京都/中野区","139.66374","35.70727","5","3"
13115,東京都杉並区,118,"東京都/杉並区","139.63641","35.69955","5","3"
13116,東京都豊島区,649,"東京都/豊島区","139.71547","35.73244","5","3"
13117,東京都北区,284,"東京都/北区","139.73366","35.75280","5","3"
13118,東京都荒川区,204,"東京都/荒川区","139.78337","35.73608","5","3"
13119,東京都板橋区,381,"東京都/板橋区","139.70924","35.75124","5","3"
13120,東京都練馬区,169,"東京都/練馬区","139.65172","35.73560","5","3"
13121,東京都足立区,136,"東京都/足立区","139.80458","35.77494","5","3"
13122,東京都葛飾区,187,"東京都/葛飾区","139.84721","35.74343","5","3"
13123,東京都江戸川区,117,"東京都/江戸川区","139.86832","35.70665","5","3"
13201,東京都八王子市,229,"東京都/八王子市","139.31607","35.66657","5","3"
13202,東京都立川市,73,"東京都/立川市","139.40785","35.71398","5","3"
13203,東京都武蔵野市,133,"東京都/武蔵野市","139.56593","35.71784","5","3"
13204,東京都三鷹市,101,"東京都/三鷹市","139.55988","35.68331","5","3"
13205,東京都青梅市,50,"東京都/青梅市","139.27499","35.78817","5","3"
13206,東京都府中市,69,"東京都/府中市","139.47766","35.66892","5","3"
13207,東京都昭島市,137,"東京都/昭島市","139.35378","35.70570","5","3"
13208,東京都調布市,135,"東京都/調布市","139.54068","35.65063","5","3"
13209,東京都町田市,111,"東京都/町田市","139.43852","35.54656","5","3"
13210,東京都小金井市,1,"東京都/小金井市","139.50299","35.69948","5","3"
13211,東京都小平市,23,"東京都/小平市","139.47748","35.72850","5","3"
13212,東京都日野市,64,"東京都/日野市","139.39497","35.67135","5","3"
13213,東京都東村山市,7,"東京都/東村山市","139.46849","35.75462","5","3"
13214,東京都国分寺市,20,"東京都/国分寺市","139.46225","35.71094","5","3"
13215,東京都国立市,19,"東京都/国立市","139.44136","35.68391","5","3"
13218,東京都福生市,7,"東京都/福生市","139.32674","35.73860","5","3"
13219,東京都狛江市,50,"東京都/狛江市","139.57869","35.63482","5","3"
13220,東京都東大和市,27,"東京都/東大和市","139.42659","35.74533","5","3"
13221,東京都清瀬市,15,"東京都/清瀬市","139.52643","35.78576","5","3"
13222,東京都東久留米市,20,"東京都/東久留米市","139.52968","35.75799","5","3"
13223,東京都武蔵村山市,27,"東京都/武蔵村山市","139.38742","35.75491","5","3"
13224,東京都多摩市,79,"東京都/多摩市","139.44637","35.63696","5","3"
13225,東京都稲城市,52,"東京都/稲城市","139.50461","35.63794","5","3"
13226,東京都,2,"東京都","139.75363","35.69400","3","1"
13227,東京都羽村市,23,"東京都/羽村市","139.31104","35.76717","5","3"
13229,東京都西東京市,35,"東京都/西東京市","139.53816","35.72550","5","3"
13303,東京都瑞穂町,15,"東京都/瑞穂町","139.35405","35.77199","5","0"
13305,東京都日の出町,6,"東京都/日の出町","139.25740","35.74212","5","0"
14101,神奈川県横浜市鶴見区,157,"神奈川県/横浜市/鶴見区","139.68239","35.50840","5","4"
14102,神奈川県横浜市神奈川区,122,"神奈川県/横浜市/神奈川区","139.62929","35.47705","5","4"
14103,神奈川県横浜市西区,317,"神奈川県/横浜市/西区","139.61688","35.45361","5","4"
14104,神奈川県横浜市中区,230,"神奈川県/横浜市/中区","139.64220","35.44469","5","4"
14105,神奈川県横浜市南区,17,"神奈川県/横浜市/南区","139.60881","35.43134","5","4"
14106,神奈川県横浜市保土ケ谷区,58,"神奈川県/横浜市/保土ケ谷区","139.59602","35.45985","5","4"
14107,神奈川県横浜市磯子区,51,"神奈川県/横浜市/磯子区","139.61845","35.40249","5","4"
14108,神奈川県横浜市金沢区,128,"神奈川県/横浜市/金沢区","139.62450","35.33720","5","4"
14109,神奈川県横浜市港北区,576,"神奈川県/横浜市/港北区","139.63319","35.51902","5","4"
14110,神奈川県横浜市戸塚区,104,"神奈川県/横浜市/戸塚区","139.53346","35.40022","5","4"
14111,神奈川県横浜市港南区,8,"神奈川県/横浜市/港南区","139.59122","35.40068","5","4"
14112,神奈川県横浜市旭区,12,"神奈川県/横浜市/旭区","139.54480","35.47476","5","4"
14113,神奈川県横浜市緑区,17,"神奈川県/横浜市/緑区","139.53801","35.51241","5","4"
14115,神奈川県横浜市栄区,23,"神奈川県/横浜市/栄区","139.55411","35.36439","5","4"
14116,神奈川県横浜市泉区,21,"神奈川県/横浜市/泉区","139.48869","35.41790","5","4"
14117,神奈川県横浜市青葉区,19,"神奈川県/横浜市/青葉区","139.53709","35.55283","5","4"
14118,神奈川県横浜市都筑区,152,"神奈川県/横浜市/都筑区","139.57103","35.54494","5","4"
14131,神奈川県川崎市川崎区,177,"神奈川県/川崎市/川崎区","139.70370","35.52965","5","4"
14132,神奈川県川崎市幸区,198,"神奈川県/川崎市/幸区","139.68735","35.54388","5","4"
14133,神奈川県川崎市中原区,222,"神奈川県/川崎市/中原区","139.65576","35.57626","5","4"
14134,神奈川県川崎市高津区,152,"神奈川県/川崎市/高津区","139.60803","35.59944","5","4"
14135,神奈川県川崎市多摩区,15,"神奈川県/川崎市/多摩区","139.56212","35.61961","5","4"
14136,神奈川県川崎市宮前区,21,"神奈川県/川崎市/宮前区","139.57858","35.58921","5","4"
14137,神奈川県川崎市麻生区,31,"神奈川県/川崎市/麻生区","139.50569","35.60377","5","4"
14151,神奈川県相模原市緑区,40,"神奈川県/相模原市/緑区","139.33759","35.59564","5","4"
14152,神奈川県相模原市中央区,34,"神奈川県/相模原市/中央区","139.37326","35.57138","5","4"
14153,神奈川県相模原市南区,14,"神奈川県/相模原市/南区","139.43010","35.53034","5","4"
14201,神奈川県横須賀市,51,"神奈川県/横須賀市","139.67229","35.28128","5","3"
14203,神奈川県平塚市,91,"神奈川県/平塚市","139.34941","35.33550","5","3"
14204,神奈川県鎌倉市,22,"神奈川県/鎌倉市","139.54669","35.31923","5","3"
14205,神奈川県藤沢市,172,"神奈川県/藤沢市","139.49112","35.33894","5","3"
14206,神奈川県小田原市,43,"神奈川県/小田原市","139.15236","35.26469","5","3"
14207,神奈川県茅ヶ崎市,56,"神奈川県/茅ヶ崎市","139.40471","35.33388","5","3"
14208,神奈川県逗子市,1,"神奈川県/逗子市","139.58041","35.29559","5","3"
14209,神奈川県相模原市,95,"神奈川県/相模原市","139.37326","35.57138","5","3"
14211,神奈川県秦野市,82,"神奈川県/秦野市","139.21994","35.37480","5","3"
14212,神奈川県厚木市,207,"神奈川県/厚木市","139.36244","35.44305","5","3"
14213,神奈川県大和市,78,"神奈川県/大和市","139.45795","35.48751","5","3"
14214,神奈川県伊勢原市,116,"神奈川県/伊勢原市","139.31491","35.40298","5","3"
14215,神奈川県海老名市,61,"神奈川県/海老名市","139.39081","35.44645","5","3"
14216,神奈川県座間市,49,"神奈川県/座間市","139.40764","35.48864","5","3"
14218,神奈川県綾瀬市,56,"神奈川県/綾瀬市","139.42635","35.43716","5","3"
14321,神奈川県寒川町,44,"神奈川県/寒川町","139.38419","35.37296","5","0"
14363,神奈川県松田町,7,"神奈川県/松田町","139.13934","35.34820","5","0"
14366,神奈川県開成町,22,"神奈川県/開成町","139.12318","35.33643","5","0"
14401,神奈川県愛川町,71,"神奈川県/愛川町","139.32172","35.52875","5","0"
14421,神奈川県城山町,2,"神奈川県/城山町","139.30019","35.59654","5","0"
15101,新潟県新潟市北区,7,"新潟県/新潟市/北区","139.21869","37.91629","5","4"
15102,新潟県新潟市東区,14,"新潟県/新潟市/東区","139.09261","37.92489","5","4"
15103,新潟県新潟市中央区,39,"新潟県/新潟市/中央区","139.03641","37.91613","5","4"
15104,新潟県新潟市江南区,15,"新潟県/新潟市/江南区","139.09401","37.86766","5","4"
15106,新潟県新潟市南区,12,"新潟県/新潟市/南区","139.01918","37.76582","5","4"
15108,新潟県新潟市西蒲区,10,"新潟県/新潟市/西蒲区","138.88925","37.76033","5","4"
15201,新潟県新潟市,46,"新潟県/新潟市","139.03641","37.91613","5","3"
15202,新潟県長岡市,97,"新潟県/長岡市","138.85123","37.44659","5","3"
15204,新潟県三条市,57,"新潟県/三条市","138.96170","37.63677","5","3"
15205,新潟県柏崎市,37,"新潟県/柏崎市","138.55884","37.37197","5","3"
15206,新潟県新発田市,26,"新潟県/新発田市","139.32790","37.95088","5","3"
15208,新潟県小千谷市,38,"新潟県/小千谷市","138.79509","37.31435","5","3"
15210,新潟県十日町市,3,"新潟県/十日町市","138.75571","37.12759","5","3"
15211,新潟県見附市,13,"新潟県/見附市","138.91272","37.53149","5","3"
15213,新潟県燕市,63,"新潟県/燕市","138.88225","37.67315","5","3"
15216,新潟県糸魚川市,2,"新潟県/糸魚川市","137.86266","37.03902","5","3"
15218,新潟県五泉市,3,"新潟県/五泉市","139.18257","37.74448","5","3"
15220,新潟県,8,"新潟県","139.03641","37.91613","3","1"
15222,新潟県上越市,60,"新潟県/上越市","138.23604","37.14787","5","3"
15226,新潟県南魚沼市,11,"新潟県/南魚沼市","138.87608","37.06552","5","3"
15227,新潟県胎内市,9,"新潟県/胎内市","139.41035","38.05971","5","3"
15306,新潟県,1,"新潟県","139.03641","37.91613","3","1"
15310,新潟県中条町,4,"新潟県/中条町","139.41425","38.08884","5","0"
15322,新潟県村松町,2,"新潟県/村松町","139.19922","37.66508","5","0"
15324,新潟県,7,"新潟県","139.03641","37.91613","3","1"
15343,新潟県分水町,5,"新潟県/分水町","138.83926","37.63853","5","0"
15344,新潟県吉田町,13,"新潟県/吉田町","138.87636","37.68745","5","0"
15345,新潟県巻町,4,"新潟県/巻町","138.88545","37.74164","5","0"
15363,新潟県栄町,11,"新潟県","139.03641","37.91613","3","1"
15401,新潟県越路町,3,"新潟県/越路町","138.80234","37.39240","5","0"
15463,新潟県,3,"新潟県","139.03641","37.91613","3","1"
15505,新潟県西山町,7,"新潟県/西山町","138.66844","37.47342","5","0"
15563,新潟県,2,"新潟県","139.03641","37.91613","3","1"
16201,富山県富山市,218,"富山県/富山市","137.21346","36.69598","5","3"
16202,富山県高岡市,179,"富山県/高岡市","137.02571","36.75410","5","3"
16203,富山県新湊市,5,"富山県/新湊市","137.07953","36.78246","5","3"
16204,富山県魚津市,27,"富山県/魚津市","137.40919","36.82737","5","3"
16205,富山県氷見市,21,"富山県/氷見市","136.97287","36.85598","5","3"
16206,富山県滑川市,12,"富山県/滑川市","137.34119","36.76439","5","3"
16207,富山県黒部市,2,"富山県/黒部市","137.44910","36.87359","5","3"
16208,富山県砺波市,19,"富山県/砺波市","136.96217","36.64747","5","3"
16209,富山県小矢部市,20,"富山県/小矢部市","136.86865","36.67553","5","3"
16210,富山県南砺市,57,"富山県/南砺市","136.91951","36.58805","5","3"
16211,富山県射水市,36,"富山県/射水市","137.09956","36.71222","5","3"
16301,富山県大沢野町,14,"富山県/大沢野町","137.21143","36.56569","5","0"
16302,富山県大山町,4,"富山県/大山町","137.34326","36.56966","5","0"
16321,富山県舟橋村,11,"富山県/舟橋村","137.30737","36.70353","5","0"
16322,富山県上市町,27,"富山県/上市町","137.36258","36.69843","5","0"
16323,富山県立山町,9,"富山県/立山町","137.31366","36.66335","5","0"
16342,富山県入善町,4,"富山県/入善町","137.50212","36.93358","5","0"
16361,富山県八尾町,10,"富山県/八尾町","137.07901","36.48789","5","0"
16401,富山県,2,"富山県","137.21346","36.69598","3","1"
16421,富山県,10,"富山県","137.21346","36.69598","3","1"
16422,富山県福岡町,7,"富山県/福岡町","136.94679","36.70366","5","0"
17201,石川県金沢市,244,"石川県/金沢市","136.65663","36.56105","5","3"
17202,石川県七尾市,21,"石川県/七尾市","136.96730","37.04311","5","3"
17203,石川県小松市,70,"石川県/小松市","136.44559","36.40836","5","3"
17206,石川県加賀市,25,"石川県/加賀市","136.31468","36.30267","5","3"
17208,石川県,15,"石川県","136.65663","36.56105","3","1"
17209,石川県かほく市,21,"石川県/かほく市","136.70667","36.71997","5","3"
17210,石川県白山市,66,"石川県/白山市","136.56583","36.51443","5","3"
17211,石川県能美市,21,"石川県/能美市","136.55403","36.44689","5","3"
17321,石川県,7,"石川県","136.65663","36.56105","3","1"
17324,石川県川北町,6,"石川県/川北町","136.54228","36.46863","5","0"
17343,石川県,8,"石川県","136.65663","36.56105","3","1"
17361,石川県津幡町,4,"石川県/津幡町","136.72868","36.66909","5","0"
17362,石川県,5,"石川県","136.65663","36.56105","3","1"
17364,石川県,4,"石川県","136.65663","36.56105","3","1"
17365,石川県内灘町,3,"石川県/内灘町","136.64513","36.65353","5","0"
17384,石川県志賀町,2,"石川県/志賀町","136.77805","37.00633","5","0"
17402,石川県,1,"石川県","136.65663","36.56105","3","1"
17407,石川県中能登町,12,"石川県/中島町","136.84721","37.08062","5","0"
18201,福井県福井市,260,"福井県/福井市","136.21945","36.06412","5","3"
18204,福井県小浜市,14,"福井県/小浜市","135.74664","35.49559","5","3"
18205,福井県大野市,2,"福井県/大野市","136.48769","35.98056","5","3"
18206,福井県勝山市,2,"福井県/勝山市","136.50055","36.06092","5","3"
18207,福井県鯖江市,68,"福井県/鯖江市","136.18423","35.95657","5","3"
18208,福井県あわら市,22,"福井県/あわら市","136.22902","36.21136","5","3"
18209,福井県越前市,17,"福井県/越前市","136.16867","35.90347","5","3"
18210,福井県坂井市,26,"福井県/坂井市","136.23129","36.16690","5","3"
18363,福井県,3,"福井県","136.21945","36.06412","3","1"
18364,福井県丸岡町,7,"福井県/丸岡町","136.27888","36.14854","5","0"
18423,福井県越前町,2,"福井県/越前","136.16867","35.90347","5","3"
19201,山梨県甲府市,27,"山梨県/甲府市","138.56834","35.66203","5","3"
19202,山梨県富士吉田市,20,"山梨県/富士吉田市","138.80786","35.48750","5","3"
19203,山梨県塩山市,9,"山梨県/塩山市","138.72926","35.70516","5","3"
19204,山梨県都留市,3,"山梨県/都留市","138.90547","35.55156","5","3"
19207,山梨県韮崎市,21,"山梨県/韮崎市","138.44620","35.70881","5","3"
19208,山梨県南アルプス市,6,"山梨県/南アルプス市","138.46501","35.60836","5","3"
19209,山梨県北杜市,19,"山梨県/北杜市","138.42354","35.77650","5","3"
19210,山梨県甲斐市,2,"山梨県/甲斐市","138.51579","35.66083","5","3"
19211,山梨県笛吹市,3,"山梨県/笛吹市","138.63972","35.64730","5","3"
19212,山梨県上野原市,17,"山梨県/上野原市","139.10875","35.63030","5","3"
19213,山梨県甲州市,25,"山梨県/甲州市","138.72926","35.70516","5","3"
19323,山梨県,2,"山梨県","138.56834","35.66203","3","1"
19343,山梨県市川大門町,1,"山梨県/市川大門町","138.49603","35.55193","5","0"
19346,山梨県市川三郷町,16,"山梨県/市川大門町","138.49603","35.55193","5","0"
19361,山梨県増穂町,11,"山梨県/増穂町","138.37244","35.57164","5","0"
19368,山梨県富士川町,4,"山梨県/富士吉田","138.80786","35.48750","4","3"
19384,山梨県昭和町,23,"山梨県/昭和町","138.53514","35.62793","5","0"
19405,山梨県,2,"山梨県","138.56834","35.66203","3","1"
19424,山梨県忍野村,19,"山梨県/忍野村","138.84785","35.46006","5","0"
19426,山梨県,7,"山梨県","138.56834","35.66203","3","1"
19430,山梨県富士河口湖町,12,"山梨県/富士吉田","138.80786","35.48750","4","3"
19441,山梨県,7,"山梨県","138.56834","35.66203","3","1"
20201,長野県長野市,128,"長野県/長野市","138.19429","36.64863","5","3"
20202,長野県松本市,96,"長野県/松本市","137.97198","36.23809","5","3"
20203,長野県上田市,156,"長野県/上田市","138.24907","36.40194","5","3"
20204,長野県岡谷市,40,"長野県/岡谷市","138.04956","36.06700","5","3"
20205,長野県飯田市,17,"長野県/飯田市","137.82182","35.51470","5","3"
20206,長野県諏訪市,76,"長野県/諏訪市","138.11398","36.03917","5","3"
20207,長野県須坂市,25,"長野県/須坂市","138.30728","36.65112","5","3"
20208,長野県小諸市,38,"長野県/小諸市","138.42603","36.32687","5","3"
20209,長野県伊那市,47,"長野県/伊那市","137.95409","35.82748","5","3"
20210,長野県駒ヶ根市,7,"長野県/駒ヶ根市","137.93399","35.72886","5","3"
20214,長野県茅野市,108,"長野県/茅野市","138.15889","35.99557","5","3"
20215,長野県塩尻市,10,"長野県/塩尻市","137.95338","36.11502","5","3"
20216,長野県,18,"長野県","138.19429","36.64863","3","1"
20217,長野県佐久市,10,"長野県/佐久市","138.47684","36.24879","5","3"
20218,長野県千曲市,54,"長野県/千曲市","138.11990","36.53386","5","3"
20219,長野県東御市,28,"長野県/東御市","138.33029","36.35955","5","3"
20220,長野県安曇野市,11,"長野県/安曇野市","137.89981","36.30283","5","3"
20323,長野県御代田町,29,"長野県/御代田町","138.50880","36.32116","5","0"
20341,長野県丸子町,14,"長野県/丸子町","138.30608","36.34911","5","0"
20343,長野県,8,"長野県","138.19429","36.64863","3","1"
20361,長野県下諏訪町,25,"長野県/下諏訪町","138.08006","36.06958","5","0"
20382,長野県辰野町,8,"長野県/辰野町","137.98743","35.98241","5","0"
20383,長野県箕輪町,35,"長野県/箕輪町","137.98199","35.91502","5","0"
20385,長野県南箕輪村,19,"長野県/南箕輪村","137.97508","35.87285","5","0"
20388,長野県宮田村,8,"長野県/宮田村","137.94313","35.77055","5","0"
20407,長野県阿智村,13,"長野県/阿南町","137.81609","35.32362","5","0"
20416,長野県豊丘村,16,"長野県/豊丘村","137.89580","35.55150","5","0"
20430,長野県大桑村,5,"長野県/大桑村","137.71536","35.70514","5","0"
20461,長野県豊科町,3,"長野県/豊科町","137.93271","36.31881","5","0"
20462,長野県穂高町,3,"長野県/穂高町","137.86885","36.31958","5","0"
20521,長野県坂城町,54,"長野県/坂城町","138.18010","36.46184","5","0"
20522,長野県,12,"長野県","138.19429","36.64863","3","1"
21201,岐阜県岐阜市,261,"岐阜県/岐阜市","136.76065","35.42330","5","3"
21202,岐阜県大垣市,157,"岐阜県/大垣市","136.61275","35.35936","5","3"
21203,岐阜県高山市,11,"岐阜県/高山市","137.25221","36.14609","5","3"
21204,岐阜県多治見市,47,"岐阜県/多治見市","137.13208","35.33277","5","3"
21205,岐阜県関市,68,"岐阜県/関市","136.91789","35.49578","5","3"
21206,岐阜県中津川市,60,"岐阜県/中津川市","137.50061","35.48749","5","3"
21207,岐阜県美濃市,2,"岐阜県/美濃市","136.90758","35.54471","5","3"
21208,岐阜県瑞浪市,16,"岐阜県/瑞浪市","137.25464","35.36174","5","3"
21209,岐阜県羽島市,33,"岐阜県/羽島市","136.70335","35.31991","5","3"
21210,岐阜県恵那市,12,"岐阜県/恵那市","137.41281","35.44932","5","3"
21211,岐阜県美濃加茂市,29,"岐阜県/美濃加茂市","137.01567","35.44024","5","3"
21212,岐阜県土岐市,33,"岐阜県/土岐市","137.18321","35.35250","5","3"
21213,岐阜県各務原市,78,"岐阜県/各務原市","136.84839","35.39891","5","3"
21214,岐阜県可児市,20,"岐阜県/可児市","137.06108","35.42613","5","3"
21215,岐阜県山県市,1,"岐阜県/山県市","136.78140","35.50611","5","3"
21216,岐阜県瑞穂市,19,"岐阜県/瑞穂市","136.69078","35.39183","5","3"
21217,岐阜県飛騨市,13,"岐阜県/飛騨市","137.18625","36.23814","5","3"
21218,岐阜県本巣市,46,"岐阜県/本巣市","136.67877","35.48305","5","3"
21219,岐阜県郡上市,17,"岐阜県/郡上市","136.96437","35.74857","5","3"
21220,岐阜県下呂市,7,"岐阜県/下呂市","137.24406","35.80588","5","3"
21221,岐阜県海津市,8,"岐阜県/海津市","136.63661","35.22047","5","3"
21302,岐阜県岐南町,34,"岐阜県/岐南町","136.78262","35.38960","5","0"
21303,岐阜県笠松町,13,"岐阜県/笠松町","136.76320","35.36722","5","0"
21304,岐阜県柳津町,10,"岐阜県/柳津町","136.75635","35.36628","5","0"
21323,岐阜県,4,"岐阜県","136.76065","35.42330","3","1"
21342,岐阜県上石津町,1,"岐阜県/上石津町","136.49368","35.30525","5","0"
21361,岐阜県垂井町,9,"岐阜県/垂井町","136.52710","35.37024","5","0"
21362,岐阜県関ケ原町,13,"岐阜県/関ケ原町","136.46698","35.36552","5","0"
21382,岐阜県輪之内町,33,"岐阜県/輪之内町","136.63745","35.28511","5","0"
21383,岐阜県安八町,8,"岐阜県/安八町","136.66542","35.33542","5","0"
21423,岐阜県,1,"岐阜県","136.76065","35.42330","3","1"
21426,岐阜県,12,"岐阜県","136.76065","35.42330","3","1"
21482,岐阜県,3,"岐阜県","136.76065","35.42330","3","1"
21483,岐阜県,4,"岐阜県","136.76065","35.42330","3","1"
21502,岐阜県富加町,5,"岐阜県/富加町","136.97971","35.48476","5","0"
21521,岐阜県御嵩町,10,"岐阜県/御嵩町","137.13089","35.43449","5","0"
21621,岐阜県,9,"岐阜県","136.76065","35.42330","3","1"
21625,岐阜県,1,"岐阜県","136.76065","35.42330","3","1"
22101,静岡県静岡市葵区,77,"静岡県/静岡市/葵区","138.38326","34.97514","5","4"
22102,静岡県静岡市駿河区,106,"静岡県/静岡市/駿河区","138.40405","34.96075","5","4"
22103,静岡県静岡市清水区,100,"静岡県/静岡市/清水区","138.48961","35.01573","5","4"
22131,静岡県中区,73,"静岡県/中区","137.72612","34.71087","5","0"
22132,静岡県東区,98,"静岡県/東区","137.79175","34.74134","5","0"
22133,静岡県西区,25,"静岡県/西区","137.64532","34.69271","5","0"
22134,静岡県南区,118,"静岡県/南区","137.75237","34.66732","5","0"
22135,静岡県北区,75,"静岡県/北区","137.65111","34.80615","5","0"
22136,静岡県浜北区,29,"静岡県/浜北区","137.78999","34.79328","5","0"
22137,静岡県天竜区,10,"静岡県/天竜区","137.81592","34.87268","5","0"
22201,静岡県静岡市,91,"静岡県/静岡市","138.38239","34.97547","5","3"
22202,静岡県浜松市,167,"静岡県/浜松市","137.72612","34.71087","5","3"
22203,静岡県沼津市,83,"静岡県/沼津市","138.86334","35.09572","5","3"
22204,静岡県,35,"静岡県","138.38239","34.97547","3","1"
22206,静岡県三島市,23,"静岡県/三島市","138.91850","35.11848","5","3"
22207,静岡県富士宮市,46,"静岡県/富士宮市","138.62166","35.22198","5","3"
22209,静岡県島田市,4,"静岡県/島田市","138.17606","34.83642","5","3"
22210,静岡県富士市,88,"静岡県/富士市","138.67632","35.16138","5","3"
22211,静岡県磐田市,117,"静岡県/磐田市","137.85152","34.71788","5","3"
22212,静岡県焼津市,11,"静岡県/焼津市","138.32326","34.86691","5","3"
22213,静岡県掛川市,14,"静岡県/掛川市","137.99840","34.76872","5","3"
22214,静岡県藤枝市,19,"静岡県/藤枝市","138.25755","34.86735","5","3"
22215,静岡県御殿場市,9,"静岡県/御殿場市","138.93451","35.30862","5","3"
22216,静岡県袋井市,74,"静岡県/袋井市","137.92462","34.75016","5","3"
22218,静岡県浜北市,27,"静岡県/浜北市","137.78999","34.79328","5","3"
22220,静岡県裾野市,25,"静岡県/裾野市","138.90672","35.17389","5","3"
22221,静岡県湖西市,65,"静岡県/湖西市","137.53162","34.71848","5","3"
22223,静岡県御前崎市,6,"静岡県/御前崎市","138.12811","34.63798","5","3"
22224,静岡県菊川市,30,"静岡県/菊川市","138.08453","34.75772","5","3"
22325,静岡県函南町,16,"静岡県/函南町","138.95335","35.08894","5","0"
22327,静岡県大仁町,1,"静岡県","138.38239","34.97547","3","1"
22341,静岡県清水町,22,"静岡県/清水町","138.90273","35.09901","5","0"
22342,静岡県長泉町,5,"静岡県/長泉町","138.89726","35.13771","5","0"
22382,静岡県蒲原町,8,"静岡県/蒲原町","138.58215","35.12769","5","0"
22401,静岡県岡部町,2,"静岡県/岡部町","138.26889","34.94573","5","0"
22424,静岡県吉田町,54,"静岡県/吉田町","138.25194","34.77087","5","0"
22446,静岡県,7,"静岡県","138.38239","34.97547","3","1"
22447,静岡県大東町,6,"静岡県","138.38239","34.97547","3","1"
22461,静岡県森町,33,"静岡県/森町","137.92709","34.83560","5","0"
22481,静岡県浅羽町,11,"静岡県","138.38239","34.97547","3","1"
22483,静岡県竜洋町,5,"静岡県/竜洋町","137.80923","34.70420","5","0"
22484,静岡県豊田町,8,"静岡県/豊田町","137.81691","34.72395","5","0"
22505,静岡県雄踏町,9,"静岡県/雄踏町","137.63033","34.70201","5","0"
22521,静岡県細江町,11,"静岡県/細江町","137.63255","34.80285","5","0"
23101,愛知県名古屋市千種区,61,"愛知県/名古屋市/千種区","136.94640","35.16653","5","4"
23102,愛知県名古屋市東区,224,"愛知県/名古屋市/東区","136.92604","35.17931","5","4"
23103,愛知県名古屋市北区,94,"愛知県/名古屋市/北区","136.91156","35.19417","5","4"
23104,愛知県名古屋市西区,165,"愛知県/名古屋市/西区","136.89006","35.18911","5","4"
23105,愛知県名古屋市中村区,451,"愛知県/名古屋市/中村区","136.87294","35.16874","5","4"
23106,愛知県名古屋市中区,925,"愛知県/名古屋市/中区","136.91016","35.16861","5","4"
23107,愛知県名古屋市昭和区,80,"愛知県/名古屋市/昭和区","136.93417","35.15022","5","4"
23108,愛知県名古屋市瑞穂区,186,"愛知県/名古屋市/瑞穂区","136.93495","35.13144","5","4"
23109,愛知県名古屋市熱田区,157,"愛知県/名古屋市/熱田区","136.91032","35.12837","5","4"
23110,愛知県名古屋市中川区,103,"愛知県/名古屋市/中川区","136.85481","35.14154","5","4"
23111,愛知県名古屋市港区,170,"愛知県/名古屋市/港区","136.88556","35.10779","5","4"
23112,愛知県名古屋市南区,124,"愛知県/名古屋市/南区","136.90619","35.07257","5","4"
23113,愛知県名古屋市守山区,64,"愛知県/名古屋市/守山区","136.97633","35.20334","5","4"
23114,愛知県名古屋市緑区,69,"愛知県/名古屋市/緑区","136.95261","35.07072","5","4"
23115,愛知県名古屋市名東区,48,"愛知県/名古屋市/名東区","137.01024","35.17586","5","4"
23116,愛知県名古屋市天白区,37,"愛知県/名古屋市/天白区","136.97505","35.12274","5","4"
23201,愛知県豊橋市,121,"愛知県/豊橋市","137.39146","34.76920","5","3"
23202,愛知県岡崎市,135,"愛知県/岡崎市","137.17300","34.95481","5","3"
23203,愛知県一宮市,182,"愛知県/一宮市","136.80234","35.30401","5","3"
23204,愛知県瀬戸市,75,"愛知県/瀬戸市","137.08412","35.22362","5","3"
23205,愛知県半田市,73,"愛知県/半田市","136.93785","34.89263","5","3"
23206,愛知県春日井市,159,"愛知県/春日井市","136.97223","35.24767","5","3"
23207,愛知県豊川市,155,"愛知県/豊川市","137.37558","34.82678","5","3"
23208,愛知県津島市,14,"愛知県/津島市","136.74124","35.17704","5","3"
23209,愛知県碧南市,12,"愛知県/碧南市","136.99336","34.88478","5","3"
23210,愛知県刈谷市,206,"愛知県/刈谷市","137.00206","34.98886","5","3"
23211,愛知県豊田市,293,"愛知県/豊田市","137.15622","35.08234","5","3"
23212,愛知県安城市,177,"愛知県/安城市","137.08029","34.95864","5","3"
23213,愛知県西尾市,91,"愛知県/西尾市","137.06174","34.86201","5","3"
23214,愛知県蒲郡市,73,"愛知県/蒲郡市","137.21965","34.82644","5","3"
23215,愛知県犬山市,50,"愛知県/犬山市","136.94463","35.37864","5","3"
23216,愛知県常滑市,21,"愛知県/常滑市","136.83238","34.88668","5","3"
23217,愛知県江南市,56,"愛知県/江南市","136.87045","35.33195","5","3"
23218,愛知県尾西市,29,"愛知県/尾西市","136.75330","35.30867","5","3"
23219,愛知県小牧市,161,"愛知県/小牧市","136.91197","35.29114","5","3"
23220,愛知県稲沢市,63,"愛知県/稲沢市","136.78021","35.24813","5","3"
23221,愛知県新城市,16,"愛知県/新城市","137.49850","34.89923","5","3"
23222,愛知県東海市,61,"愛知県/東海市","136.90222","35.02298","5","3"
23223,愛知県大府市,115,"愛知県/大府市","136.96387","35.01161","5","3"
23224,愛知県知多市,35,"愛知県/知多市","136.86476","34.99653","5","3"
23225,愛知県知立市,48,"愛知県/知立市","137.05084","35.00129","5","3"
23226,愛知県尾張旭市,58,"愛知県/尾張旭市","137.03542","35.21657","5","3"
23227,愛知県高浜市,56,"愛知県/高浜市","136.98766","34.92763","5","3"
23228,愛知県岩倉市,32,"愛知県/岩倉市","136.87143","35.27943","5","3"
23229,愛知県豊明市,34,"愛知県/豊明市","137.01312","35.05376","5","3"
23230,愛知県日進市,24,"愛知県/日進市","137.03941","35.13202","5","3"
23232,愛知県愛西市,12,"愛知県/愛西市","136.72821","35.15280","5","3"
23233,愛知県清須市,57,"愛知県/清須市","136.85294","35.19985","5","3"
23234,愛知県北名古屋市,31,"愛知県/北名古屋市","136.86597","35.24566","5","3"
23235,愛知県弥富市,23,"愛知県/弥富市","136.72472","35.11012","5","3"
23236,愛知県みよし市,47,"愛知県/みよし市","137.07472","35.08970","5","3"
23237,愛知県あま市,15,"愛知県/あま市","136.78323","35.20050","5","3"
23238,愛知県長久手市,8,"愛知県/長久手市","137.04863","35.18412","5","3"
23302,愛知県東郷町,28,"愛知県/東郷町","137.05263","35.09679","5","0"
23304,愛知県長久手町,14,"愛知県/長久手","137.04863","35.18412","5","3"
23341,愛知県西枇杷島町,10,"愛知県/西枇杷島町","136.86267","35.19682","5","0"
23342,愛知県豊山町,7,"愛知県/豊山町","136.91197","35.25046","5","0"
23344,愛知県西春町,18,"愛知県/西春町","136.84726","35.25125","5","0"
23345,愛知県春日町,17,"愛知県/春日井","136.97223","35.24767","4","3"
23346,愛知県清洲町,5,"愛知県/清洲町","136.84007","35.22335","5","0"
23347,愛知県新川町,11,"愛知県/新川町","136.85831","35.21675","5","0"
23361,愛知県大口町,125,"愛知県/大治町","136.82010","35.17509","4","0"
23362,愛知県扶桑町,40,"愛知県/扶桑町","136.91309","35.35914","5","0"
23381,愛知県木曽川町,8,"愛知県/木曽川町","136.77103","35.33795","5","0"
23401,愛知県祖父江町,7,"愛知県/祖父江町","136.72327","35.22890","5","0"
23423,愛知県甚目寺町,12,"愛知県/甚目寺町","136.83716","35.20324","5","0"
23425,愛知県蟹江町,5,"愛知県/蟹江町","136.78668","35.13234","5","0"
23426,愛知県十四山村,9,"愛知県/十四山村","136.78499","35.10963","5","0"
23428,愛知県弥富町,3,"愛知県/弥富町","136.76662","35.06531","5","0"
23429,愛知県佐屋町,3,"愛知県/佐屋町","136.73015","35.15242","5","0"
23441,愛知県阿久比町,6,"愛知県/阿久比町","136.91551","34.93257","5","0"
23442,愛知県東浦町,23,"愛知県/東浦町","136.96558","34.97714","5","0"
23446,愛知県美浜町,16,"愛知県/美浜町","136.90825","34.77884","5","0"
23447,愛知県武豊町,17,"愛知県/武豊町","136.91493","34.85097","5","0"
23482,愛知県吉良町,12,"愛知県","136.90642","35.18143","3","1"
23501,愛知県幸田町,6,"愛知県/幸田町","137.16566","34.86443","5","0"
23521,愛知県みよし町,22,"愛知県/みよし","137.07472","35.08970","5","3"
23522,愛知県藤岡町,4,"愛知県/藤岡町","137.26089","35.19015","5","0"
23602,愛知県一宮町,9,"愛知県/一宮町","137.42545","34.86003","5","0"
23603,愛知県小坂井町,9,"愛知県/小坂井町","137.34637","34.80050","5","0"
24201,三重県津市,70,"三重県/津市","136.50545","34.71856","5","3"
24202,三重県四日市市,204,"三重県/四日市市","136.62442","34.96509","5","3"
24203,三重県伊勢市,7,"三重県/伊勢市","136.70929","34.48751","5","3"
24204,三重県松阪市,52,"三重県/松阪市","136.52759","34.57797","5","3"
24205,三重県桑名市,47,"三重県/桑名市","136.68353","35.06229","5","3"
24206,三重県,14,"三重県","136.50545","34.71856","3","1"
24207,三重県鈴鹿市,17,"三重県/鈴鹿市","136.58418","34.88187","5","3"
24208,三重県名張市,39,"三重県/名張市","136.10829","34.62766","5","3"
24210,三重県亀山市,10,"三重県/亀山市","136.45164","34.85575","5","3"
24215,三重県志摩市,8,"三重県/志摩市","136.82965","34.32822","5","3"
24216,三重県伊賀市,33,"三重県/伊賀市","136.12991","34.76883","5","3"
24303,三重県木曽岬町,1,"三重県/木曽岬町","136.73135","35.07596","5","0"
24324,三重県東員町,15,"三重県/東員町","136.58376","35.07412","5","0"
24341,三重県菰野町,37,"三重県/菰野町","136.50734","35.02000","5","0"
24343,三重県朝日町,2,"三重県/朝日町","136.66437","35.03422","5","0"
24344,三重県川越町,12,"三重県/川越町","136.67397","35.02295","5","0"
24382,三重県芸濃町,1,"三重県/芸濃町","136.40294","34.80469","5","0"
25201,滋賀県大津市,135,"滋賀県/大津市","135.85466","35.01836","5","3"
25202,滋賀県彦根市,52,"滋賀県/彦根市","136.25963","35.27446","5","3"
25203,滋賀県長浜市,28,"滋賀県/長浜市","136.27544","35.38145","5","3"
25206,滋賀県草津市,69,"滋賀県/草津市","135.95999","35.01312","5","3"
25207,滋賀県守山市,10,"滋賀県/守山市","135.99402","35.05866","5","3"
25208,滋賀県栗東市,17,"滋賀県/栗東市","135.99799","35.02161","5","3"
25209,滋賀県甲賀市,30,"滋賀県/甲賀市","136.16708","34.96612","5","3"
25210,滋賀県野洲市,11,"滋賀県/野洲市","136.02588","35.06747","5","3"
25211,滋賀県湖南市,12,"滋賀県/湖南市","136.08469","35.00410","5","3"
25213,滋賀県東近江市,5,"滋賀県/東近江市","136.20763","35.11260","5","3"
25321,滋賀県,3,"滋賀県","135.85466","35.01836","3","1"
25342,滋賀県,2,"滋賀県","135.85466","35.01836","3","1"
25361,滋賀県,1,"滋賀県","135.85466","35.01836","3","1"
25362,滋賀県,1,"滋賀県","135.85466","35.01836","3","1"
25364,滋賀県,7,"滋賀県","135.85466","35.01836","3","1"
25367,滋賀県,1,"滋賀県","135.85466","35.01836","3","1"
25383,滋賀県日野町,4,"滋賀県/日野町","136.24602","35.01802","5","0"
25384,滋賀県竜王町,7,"滋賀県/竜王町","136.12444","35.06075","5","0"
25425,滋賀県愛荘町,9,"滋賀県/愛知","136.26234","35.11087","4","2"
25441,滋賀県豊郷町,6,"滋賀県/豊郷町","136.22998","35.20038","5","0"
25442,滋賀県甲良町,12,"滋賀県/甲良町","136.26135","35.20422","5","0"
25464,滋賀県近江町,1,"滋賀県/近江町","136.28444","35.34137","5","0"
25481,滋賀県浅井町,7,"滋賀県/浅井町","136.28773","35.45144","5","0"
25501,滋賀県高月町,11,"滋賀県/高月町","136.23476","35.48823","5","0"
25526,滋賀県,3,"滋賀県","135.85466","35.01836","3","1"
26101,京都府京都市北区,24,"京都府/京都市/北区","135.75400","35.04097","5","4"
26102,京都府京都市上京区,90,"京都府/京都市/上京区","135.72194","35.11303","5","4"
26103,京都府京都市左京区,27,"京都府/京都市/左京区","135.77858","35.04858","5","4"
26104,京都府京都市中京区,139,"京都府/京都市/中京区","135.75143","35.01040","5","4"
26105,京都府京都市東山区,48,"京都府/京都市/東山区","135.77628","34.99708","5","4"
26106,京都府京都市下京区,228,"京都府/京都市/下京区","135.71725","35.01675","5","4"
26107,京都府京都市南区,396,"京都府/京都市/南区","135.74641","34.97676","5","4"
26108,京都府京都市右京区,144,"京都府/京都市/右京区","135.71600","35.01012","5","4"
26109,京都府京都市伏見区,167,"京都府/京都市/伏見区","135.76132","34.93555","5","4"
26110,京都府京都市山科区,59,"京都府/京都市/山科区","135.81363","34.97230","5","4"
26111,京都府京都市西京区,9,"京都府/京都市/西京区","135.69312","34.98503","5","4"
26202,京都府舞鶴市,2,"京都府/舞鶴市","135.38599","35.47480","5","3"
26203,京都府綾部市,24,"京都府/綾部市","135.25882","35.29892","5","3"
26204,京都府宇治市,25,"京都府/宇治市","135.79977","34.88440","5","3"
26206,京都府亀岡市,19,"京都府/亀岡市","135.57352","35.01347","5","3"
26207,京都府城陽市,28,"京都府/城陽市","135.78008","34.85296","5","3"
26208,京都府向日市,8,"京都府/向日市","135.69832","34.94870","5","3"
26209,京都府長岡京市,83,"京都府/長岡京市","135.69568","34.92678","5","3"
26210,京都府八幡市,22,"京都府/八幡市","135.70757","34.87553","5","3"
26211,京都府京田辺市,13,"京都府/京田辺市","135.76784","34.81444","5","3"
26212,京都府京丹後市,12,"京都府/京丹後市","135.06099","35.62417","5","3"
26322,京都府久御山町,45,"京都府/久世","135.78008","34.85296","4","2"
26344,京都府宇治田原町,18,"京都府/宇治田原町","135.85686","34.85266","5","0"
26366,京都府精華町,25,"京都府/精華町","135.78569","34.76082","5","0"
26481,京都府,4,"京都府","135.76819","35.01157","3","1"
27100,大阪府大阪市,3,"大阪府/大阪市","135.50204","34.69389","5","3"
27102,大阪府大阪市都島区,39,"大阪府/大阪市/都島区","135.52809","34.70128","5","4"
27103,大阪府大阪市福島区,188,"大阪府/大阪市/福島区","135.47223","34.69236","5","4"
27104,大阪府大阪市此花区,56,"大阪府/大阪市/此花区","135.45222","34.68304","5","4"
27106,大阪府大阪市西区,1087,"大阪府/大阪市/西区","135.48611","34.67638","5","4"
27107,大阪府大阪市港区,76,"大阪府/大阪市/港区","135.46062","34.66392","5","4"
27108,大阪府大阪市大正区,19,"大阪府/大阪市/大正区","135.47269","34.65042","5","4"
27109,大阪府大阪市天王寺区,187,"大阪府/大阪市/天王寺区","135.51936","34.65787","5","4"
27111,大阪府大阪市浪速区,261,"大阪府/大阪市/浪速区","135.49956","34.65942","5","4"
27113,大阪府大阪市西淀川区,277,"大阪府/大阪市/西淀川区","135.45621","34.71141","5","4"
27114,大阪府大阪市東淀川区,112,"大阪府/大阪市/東淀川区","135.52934","34.74131","5","4"
27115,大阪府大阪市東成区,97,"大阪府/大阪市/東成区","135.54123","34.66999","5","4"
27116,大阪府大阪市生野区,41,"大阪府/大阪市/生野区","135.53445","34.65374","5","4"
27117,大阪府大阪市旭区,42,"大阪府/大阪市/旭区","135.54414","34.72127","5","4"
27118,大阪府大阪市城東区,124,"大阪府/大阪市/城東区","135.54599","34.70201","5","4"
27119,大阪府大阪市阿倍野区,67,"大阪府/大阪市/阿倍野区","135.51849","34.63897","5","4"
27120,大阪府大阪市住吉区,8,"大阪府/大阪市/住吉区","135.50050","34.60372","5","4"
27121,大阪府大阪市東住吉区,32,"大阪府/大阪市/東住吉区","135.52661","34.62212","5","4"
27122,大阪府大阪市西成区,52,"大阪府/大阪市/西成区","135.49458","34.63506","5","4"
27123,大阪府大阪市淀川区,629,"大阪府/大阪市/淀川区","135.48674","34.72100","5","4"
27124,大阪府大阪市鶴見区,63,"大阪府/大阪市/鶴見区","135.57419","34.70457","5","4"
27125,大阪府大阪市住之江区,140,"大阪府/大阪市/住之江区","135.48271","34.60967","5","4"
27126,大阪府大阪市平野区,147,"大阪府/大阪市/平野区","135.54601","34.62116","5","4"
27127,大阪府大阪市北区,1877,"大阪府/大阪市/北区","135.49751","34.70056","5","4"
27128,大阪府大阪市中央区,3622,"大阪府/大阪市/中央区","135.50969","34.68122","5","4"
27141,大阪府堺市堺区,104,"大阪府/堺市/堺区","135.48302","34.57335","5","4"
27142,大阪府堺市中区,30,"大阪府/堺市/中区","135.49872","34.52831","5","4"
27143,大阪府堺市東区,4,"大阪府/堺市/東区","135.53647","34.53823","5","4"
27144,大阪府堺市西区,73,"大阪府/堺市/西区","135.46402","34.53506","5","4"
27145,大阪府堺市南区,6,"大阪府/堺市/南区","135.49054","34.48644","5","4"
27146,大阪府堺市北区,11,"大阪府/堺市/北区","135.51720","34.56548","5","4"
27147,大阪府堺市美原区,46,"大阪府/堺市/美原区","135.55983","34.53848","5","4"
27201,大阪府堺市,148,"大阪府/堺市","135.48302","34.57335","5","3"
27202,大阪府岸和田市,64,"大阪府/岸和田市","135.37086","34.46060","5","3"
27203,大阪府豊中市,177,"大阪府/豊中市","135.46989","34.78124","5","3"
27204,大阪府池田市,50,"大阪府/池田市","135.42856","34.82169","5","3"
27205,大阪府吹田市,245,"大阪府/吹田市","135.51680","34.75940","5","3"
27206,大阪府泉大津市,31,"大阪府/泉大津市","135.41048","34.50427","5","3"
27207,大阪府高槻市,144,"大阪府/高槻市","135.61722","34.84610","5","3"
27208,大阪府貝塚市,45,"大阪府/貝塚市","135.35843","34.43769","5","3"
27209,大阪府守口市,97,"大阪府/守口市","135.56396","34.73768","5","3"
27210,大阪府枚方市,120,"大阪府/枚方市","135.65063","34.81446","5","3"
27211,大阪府茨木市,160,"大阪府/茨木市","135.56850","34.81615","5","3"
27212,大阪府八尾市,202,"大阪府/八尾市","135.60095","34.62688","5","3"
27213,大阪府泉佐野市,33,"大阪府/泉佐野市","135.32733","34.40684","5","3"
27214,大阪府富田林市,18,"大阪府/富田林市","135.59727","34.49968","5","3"
27215,大阪府寝屋川市,53,"大阪府/寝屋川市","135.62801","34.76608","5","3"
27216,大阪府河内長野市,19,"大阪府/河内長野市","135.56412","34.45811","5","3"
27217,大阪府松原市,31,"大阪府/松原市","135.55179","34.57790","5","3"
27218,大阪府大東市,68,"大阪府/大東市","135.62347","34.71201","5","3"
27219,大阪府和泉市,28,"大阪府/和泉市","135.42363","34.48363","5","3"
27220,大阪府箕面市,64,"大阪府/箕面市","135.47038","34.82693","5","3"
27221,大阪府柏原市,33,"大阪府/柏原市","135.62865","34.57930","5","3"
27222,大阪府羽曳野市,30,"大阪府/羽曳野市","135.60623","34.55800","5","3"
27223,大阪府門真市,79,"大阪府/門真市","135.58690","34.73914","5","3"
27224,大阪府摂津市,54,"大阪府/摂津市","135.56189","34.77739","5","3"
27225,大阪府高石市,3,"大阪府/高石市","135.44240","34.52067","5","3"
27226,大阪府藤井寺市,4,"大阪府/藤井寺市","135.59747","34.57428","5","3"
27227,大阪府東大阪市,418,"大阪府/東大阪市","135.60089","34.67933","5","3"
27229,大阪府四條畷市,33,"大阪府/四條畷市","135.63972","34.74006","5","3"
27230,大阪府交野市,31,"大阪府/交野市","135.67998","34.78796","5","3"
27231,大阪府大阪狭山市,10,"大阪府/大阪狭山市","135.55576","34.50372","5","3"
27232,大阪府阪南市,2,"大阪府/阪南市","135.23965","34.35959","5","3"
27341,大阪府忠岡町,2,"大阪府/忠岡町","135.40150","34.48713","5","0"
27361,大阪府熊取町,22,"大阪府/熊取町","135.35587","34.40131","5","0"
27383,大阪府千早赤阪村,5,"大阪府/千早赤阪村","135.62253","34.46460","5","0"
27385,大阪府,18,"大阪府","135.50204","34.69389","3","1"
28101,兵庫県神戸市東灘区,128,"兵庫県/神戸市/東灘区","135.26543","34.72016","5","4"
28102,兵庫県神戸市灘区,13,"兵庫県/神戸市/灘区","135.23958","34.71236","5","4"
28105,兵庫県神戸市兵庫区,73,"兵庫県/神戸市/兵庫区","135.16539","34.68058","5","4"
28106,兵庫県神戸市長田区,46,"兵庫県/神戸市/長田区","135.15085","34.66569","5","4"
28107,兵庫県神戸市須磨区,27,"兵庫県/神戸市/須磨区","135.13370","34.65863","5","4"
28108,兵庫県神戸市垂水区,4,"兵庫県/神戸市/垂水区","135.05692","34.63061","5","4"
28110,兵庫県神戸市中央区,876,"兵庫県/神戸市/中央区","135.19780","34.69507","5","4"
28111,兵庫県神戸市西区,155,"兵庫県/神戸市/西区","134.98166","34.68325","5","4"
28201,兵庫県姫路市,277,"兵庫県/姫路市","134.68546","34.81549","5","3"
28202,兵庫県尼崎市,321,"兵庫県/尼崎市","135.40639","34.73355","5","3"
28203,兵庫県明石市,116,"兵庫県/明石市","134.99718","34.64311","5","3"
28204,兵庫県西宮市,173,"兵庫県/西宮市","135.34183","34.73769","5","3"
28205,兵庫県洲本市,1,"兵庫県/洲本市","134.89566","34.34252","5","3"
28206,兵庫県芦屋市,19,"兵庫県/芦屋市","135.30418","34.72652","5","3"
28207,兵庫県伊丹市,149,"兵庫県/伊丹市","135.40094","34.78429","5","3"
28209,兵庫県豊岡市,2,"兵庫県/豊岡市","134.82019","35.54448","5","3"
28210,兵庫県加古川市,89,"兵庫県/加古川市","134.84090","34.75662","5","3"
28212,兵庫県赤穂市,35,"兵庫県/赤穂市","134.39035","34.75497","5","3"
28213,兵庫県西脇市,29,"兵庫県/西脇市","134.96928","34.99343","5","3"
28214,兵庫県宝塚市,66,"兵庫県/宝塚市","135.36009","34.79982","5","3"
28215,兵庫県三木市,5,"兵庫県/三木市","134.99019","34.79692","5","3"
28216,兵庫県高砂市,2,"兵庫県/高砂市","134.79048","34.76625","5","3"
28218,兵庫県小野市,24,"兵庫県/小野市","134.93155","34.85318","5","3"
28219,兵庫県三田市,17,"兵庫県/三田市","135.22530","34.88967","5","3"
28220,兵庫県加西市,47,"兵庫県/加西市","134.84181","34.92781","5","3"
28221,兵庫県丹波篠山市,5,"兵庫県/丹波篠山市","135.21901","35.07567","5","3"
28223,兵庫県丹波市,12,"兵庫県/丹波市","135.03581","35.17726","5","3"
28224,兵庫県南あわじ市,3,"兵庫県/南あわじ市","134.77908","34.29581","5","3"
28225,兵庫県朝来市,3,"兵庫県/朝来市","134.85312","35.33984","5","3"
28226,兵庫県淡路市,6,"兵庫県/淡路市","134.91463","34.43985","5","3"
28227,兵庫県宍粟市,5,"兵庫県/宍粟市","134.54938","35.00444","5","3"
28229,兵庫県たつの市,21,"兵庫県/たつの市","134.54539","34.85785","5","3"
28343,兵庫県東条町,4,"兵庫県/東灘区","135.26543","34.72016","5","0"
28365,兵庫県多可町,5,"兵庫県/多可","134.92336","35.05032","5","2"
28381,兵庫県稲美町,33,"兵庫県/稲美町","134.91339","34.74863","5","0"
28382,兵庫県播磨町,18,"兵庫県/播磨町","134.86790","34.71530","5","0"
28442,兵庫県市川町,10,"兵庫県/市川町","134.76329","34.98936","5","0"
28443,兵庫県福崎町,23,"兵庫県/福崎町","134.76024","34.95032","5","0"
28444,兵庫県香寺町,2,"兵庫県/香寺町","134.74078","34.91902","5","0"
28461,兵庫県新宮町,3,"兵庫県/新宮町","134.54970","34.90890","5","0"
28464,兵庫県太子町,8,"兵庫県/太子町","134.57780","34.83347","5","0"
28521,兵庫県山崎町,3,"兵庫県/山崎町","134.56172","34.96323","5","0"
28561,兵庫県出石町,4,"兵庫県/出石町","134.84993","35.49849","5","0"
28582,兵庫県浜坂町,3,"兵庫県","135.19572","34.68950","3","1"
28645,兵庫県,2,"兵庫県","135.19572","34.68950","3","1"
29201,奈良県奈良市,8,"奈良県/奈良市","135.80499","34.68512","5","3"
29202,奈良県大和高田市,20,"奈良県/大和高田市","135.73645","34.51498","5","3"
29203,奈良県大和郡山市,50,"奈良県/大和郡山市","135.78275","34.64937","5","3"
29204,奈良県天理市,16,"奈良県/天理市","135.83737","34.59662","5","3"
29205,奈良県橿原市,12,"奈良県/橿原市","135.79276","34.50945","5","3"
29206,奈良県桜井市,16,"奈良県/桜井市","135.84323","34.51870","5","3"
29207,奈良県五條市,4,"奈良県/五條市","135.69350","34.35212","5","3"
29210,奈良県香芝市,19,"奈良県/香芝市","135.69916","34.54129","5","3"
29211,奈良県葛城市,6,"奈良県/葛城市","135.72656","34.48916","5","3"
29343,奈良県三郷町,8,"奈良県/三郷町","135.69542","34.59998","5","0"
29344,奈良県斑鳩町,1,"奈良県","135.80499","34.68512","3","1"
29361,奈良県川西町,23,"奈良県/川西町","135.77386","34.58438","5","0"
29362,奈良県三宅町,3,"奈良県/三宅町","135.77318","34.57368","5","0"
29363,奈良県田原本町,6,"奈良県/田原本町","135.79494","34.55667","5","0"
29421,奈良県,1,"奈良県","135.80499","34.68512","3","1"
29422,奈良県,2,"奈良県","135.80499","34.68512","3","1"
29424,奈良県上牧町,1,"奈良県/上牧町","135.71667","34.56272","5","0"
29426,奈良県広陵町,14,"奈良県/広陵町","135.75084","34.54274","5","0"
29427,奈良県河合町,1,"奈良県/河合町","135.73669","34.57837","5","0"
30201,和歌山県和歌山市,134,"和歌山県/和歌山市","135.17081","34.23051","5","3"
30202,和歌山県海南市,19,"和歌山県/海南市","135.20918","34.15531","5","3"
30203,和歌山県橋本市,9,"和歌山県/橋本市","135.60521","34.31488","5","3"
30205,和歌山県御坊市,13,"和歌山県/御坊市","135.15240","33.89141","5","3"
30206,和歌山県田辺市,19,"和歌山県/田辺市","135.37766","33.72801","5","3"
30342,和歌山県高野口町,10,"和歌山県/高野口町","135.56735","34.32297","5","0"
30362,和歌山県広川町,6,"和歌山県/広川町","135.17307","34.02996","5","0"
30363,和歌山県吉備町,1,"和歌山県","135.17081","34.23051","3","1"
30404,和歌山県上富田町,1,"和歌山県/上富田町","135.42880","33.69635","5","0"
30406,和歌山県すさみ町,2,"和歌山県/すさみ町","135.49667","33.55006","5","0"
30407,和歌山県串本町,3,"和歌山県","135.17081","34.23051","3","1"
31201,鳥取県鳥取市,91,"鳥取県/鳥取市","134.23509","35.50113","5","3"
31202,鳥取県米子市,3,"鳥取県/米子市","133.33093","35.42813","5","3"
31203,鳥取県倉吉市,7,"鳥取県/倉吉市","133.82556","35.43018","5","3"
31204,鳥取県境港市,11,"鳥取県/境港市","133.23160","35.53960","5","3"
31341,鳥取県,4,"鳥取県","134.23509","35.50113","3","1"
31367,鳥取県大栄町,2,"鳥取県/大栄町","133.74200","35.45742","5","0"
32201,島根県松江市,12,"島根県/松江市","133.04852","35.46804","5","3"
32206,島根県安来市,6,"島根県/安来市","133.25085","35.43145","5","3"
32207,島根県江津市,14,"島根県/江津市","132.22121","35.01115","5","3"
33101,岡山県岡山市北区,120,"岡山県/岡山市/北区","133.91957","34.65511","5","4"
33102,岡山県岡山市中区,18,"岡山県/岡山市/中区","133.94315","34.67078","5","4"
33103,岡山県岡山市東区,22,"岡山県/岡山市/東区","134.03635","34.65841","5","4"
33104,岡山県岡山市南区,31,"岡山県/岡山市/南区","133.91956","34.59977","5","4"
33201,岡山県岡山市,78,"岡山県/岡山市","133.91957","34.65511","5","3"
33202,岡山県倉敷市,172,"岡山県/倉敷市","133.77228","34.58468","5","3"
33203,岡山県津山市,10,"岡山県/津山市","134.00455","35.06912","5","3"
33204,岡山県玉野市,8,"岡山県/玉野市","133.94601","34.49198","5","3"
33205,岡山県笠岡市,47,"岡山県/笠岡市","133.50745","34.50718","5","3"
33207,岡山県井原市,89,"岡山県/井原市","133.46379","34.59771","5","3"
33208,岡山県総社市,38,"岡山県/総社市","133.74654","34.67281","5","3"
33209,岡山県高梁市,19,"岡山県/高梁市","133.61668","34.79136","5","3"
33210,岡山県新見市,13,"岡山県/新見市","133.47035","34.97706","5","3"
33211,岡山県備前市,20,"岡山県/備前市","134.18814","34.74513","5","3"
33212,岡山県瀬戸内市,2,"岡山県/瀬戸内市","134.09285","34.66489","5","3"
33213,岡山県赤磐市,9,"岡山県/赤磐市","134.01884","34.75540","5","3"
33214,岡山県真庭市,9,"岡山県/真庭市","133.75276","35.07559","5","3"
33215,岡山県美作市,3,"岡山県/美作市","134.14857","35.00859","5","3"
33216,岡山県浅口市,6,"岡山県/浅口市","133.58492","34.52784","5","3"
33345,岡山県佐伯町,8,"岡山県","133.91957","34.65511","3","1"
33346,岡山県和気町,17,"岡山県/和気","134.18814","34.74513","5","2"
33445,岡山県里庄町,11,"岡山県/里庄町","133.55688","34.51374","5","0"
33461,岡山県矢掛町,6,"岡山県/矢掛町","133.58708","34.62760","5","0"
33606,岡山県鏡野町,6,"岡山県","133.91957","34.65511","3","1"
33622,岡山県勝央町,4,"岡山県/勝央町","134.11617","35.04179","5","0"
33666,岡山県美咲町,4,"岡山県/美甘村","133.63490","35.11678","4","0"
33681,岡山県吉備中央町,9,"岡山県/吉備","133.82155","34.68669","5","2"
34101,広島県広島市中区,125,"広島県/広島市/中区","132.45499","34.38629","5","4"
34102,広島県広島市東区,17,"広島県/広島市/東区","132.48239","34.39533","5","4"
34103,広島県広島市南区,87,"広島県/広島市/南区","132.46906","34.37988","5","4"
34104,広島県広島市西区,136,"広島県/広島市/西区","132.43443","34.39397","5","4"
34105,広島県広島市安佐南区,34,"広島県/広島市/安佐南区","132.47163","34.45185","5","4"
34106,広島県広島市安佐北区,19,"広島県/広島市/安佐北区","132.50763","34.51828","5","4"
34107,広島県広島市安芸区,27,"広島県/広島市/安芸区","132.52554","34.37176","5","4"
34108,広島県広島市佐伯区,12,"広島県/広島市/佐伯区","132.36082","34.36446","5","4"
34202,広島県呉市,45,"広島県/呉市","132.56581","34.24925","5","3"
34203,広島県竹原市,22,"広島県/竹原市","132.90709","34.34179","5","3"
34204,広島県三原市,14,"広島県/三原市","133.07852","34.39747","5","3"
34205,広島県尾道市,37,"広島県/尾道市","133.20497","34.40889","5","3"
34207,広島県福山市,342,"広島県/福山市","133.36234","34.48593","5","3"
34208,広島県府中市,54,"広島県/府中市","133.23633","34.56835","5","3"
34209,広島県三次市,1,"広島県/三次市","132.85179","34.80563","5","3"
34211,広島県大竹市,21,"広島県/大竹市","132.22237","34.23795","5","3"
34212,広島県東広島市,79,"広島県/東広島市","132.74374","34.42679","5","3"
34213,広島県廿日市市,25,"広島県/廿日市市","132.33154","34.34842","5","3"
34214,広島県安芸高田市,11,"広島県/安芸高田市","132.70398","34.66610","5","3"
34302,広島県府中町,43,"広島県/府中町","132.50455","34.39259","5","0"
34304,広島県海田町,53,"広島県/海田町","132.53615","34.37216","5","0"
34307,広島県熊野町,1,"広島県/熊野町","132.58461","34.33578","5","0"
34309,広島県坂町,12,"広島県/坂町","132.51364","34.34128","5","0"
34311,広島県,4,"広島県","132.45534","34.38525","3","1"
34323,広島県大野町,1,"広島県/大野町","132.26480","34.28530","5","0"
34366,広島県,6,"広島県","132.45534","34.38525","3","1"
34382,広島県,3,"広島県","132.45534","34.38525","3","1"
34386,広島県,4,"広島県","132.45534","34.38525","3","1"
34482,広島県,21,"広島県","132.45534","34.38525","3","1"
34501,広島県神辺町,26,"広島県/神辺町","133.43062","34.56015","5","0"
34524,広島県,10,"広島県","132.45534","34.38525","3","1"
34561,広島県,2,"広島県","132.45534","34.38525","3","1"
35201,山口県下関市,35,"山口県/下関市","130.94145","33.95783","5","3"
35202,山口県宇部市,45,"山口県/宇部市","131.24677","33.95162","5","3"
35203,山口県山口市,22,"山口県/山口市","131.47351","34.17818","5","3"
35206,山口県防府市,50,"山口県/防府市","131.56262","34.05176","5","3"
35209,山口県,5,"山口県","130.94145","33.95783","3","1"
35213,山口県美祢市,15,"山口県/美祢市","131.20570","34.16667","5","3"
35215,山口県周南市,7,"山口県/周南市","131.80629","34.05513","5","3"
35216,山口県山陽小野田市,1,"山口県/山陽小野田市","131.18179","34.00309","5","3"
35321,山口県和木町,1,"山口県/和木町","132.22040","34.20241","5","0"
35325,山口県周東町,1,"山口県/周東町","132.04556","34.09689","5","0"
35343,山口県田布施町,22,"山口県/田布施町","132.04137","33.95468","5","0"
36201,徳島県徳島市,76,"徳島県/徳島市","134.55472","34.07023","5","3"
36202,徳島県鳴門市,46,"徳島県/鳴門市","134.60880","34.17259","5","3"
36203,徳島県小松島市,10,"徳島県/小松島市","134.59061","34.00471","5","3"
36204,徳島県阿南市,14,"徳島県/阿南市","134.65956","33.92176","5","3"
36205,徳島県吉野川市,4,"徳島県/吉野川市","134.35867","34.06623","5","3"
36207,徳島県美馬市,10,"徳島県/美馬市","134.16972","34.05339","5","3"
36341,徳島県石井町,11,"徳島県/石井町","134.44077","34.07470","5","0"
36402,徳島県北島町,16,"徳島県/北島町","134.54698","34.12560","5","0"
36403,徳島県藍住町,4,"徳島県/藍住町","134.49512","34.12678","5","0"
36405,徳島県上板町,2,"徳島県/上板町","134.40500","34.12136","5","0"
36461,徳島県,5,"徳島県","134.55472","34.07023","3","1"
37201,香川県高松市,184,"香川県/高松市","134.04657","34.34279","5","3"
37202,香川県丸亀市,55,"香川県/丸亀市","133.79771","34.28948","5","3"
37203,香川県坂出市,32,"香川県/坂出市","133.86050","34.31648","5","3"
37205,香川県観音寺市,18,"香川県/観音寺市","133.66159","34.12737","5","3"
37206,香川県さぬき市,18,"香川県/さぬき市","134.17198","34.32521","5","3"
37207,香川県東かがわ市,61,"香川県/東かがわ市","134.35884","34.24380","5","3"
37208,香川県三豊市,12,"香川県/三豊市","133.71521","34.18256","5","3"
37302,香川県,10,"香川県","134.04657","34.34279","3","1"
37322,香川県土庄町,11,"香川県/土庄町","134.18559","34.48599","5","0"
37341,香川県三木町,16,"香川県/三木町","134.13437","34.26836","5","0"
37382,香川県綾南町,1,"香川県/綾南町","133.90616","34.22523","5","0"
37383,香川県国分寺町,7,"香川県/国分寺町","133.94177","34.30960","5","0"
37385,香川県,1,"香川県","134.04657","34.34279","3","1"
37404,香川県多度津町,25,"香川県/多度津町","133.75357","34.27247","5","0"
37421,香川県高瀬町,6,"香川県/高瀬町","133.73978","34.14206","5","0"
37426,香川県詫間町,7,"香川県/詫間町","133.63303","34.27141","5","0"
38201,愛媛県松山市,128,"愛媛県/松山市","132.76555","33.83916","5","3"
38202,愛媛県今治市,88,"愛媛県/今治市","132.99767","34.06604","5","3"
38203,愛媛県宇和島市,14,"愛媛県/宇和島市","132.56056","33.22334","5","3"
38204,愛媛県八幡浜市,15,"愛媛県/八幡浜市","132.42334","33.46290","5","3"
38205,愛媛県新居浜市,35,"愛媛県/新居浜市","133.28339","33.96033","5","3"
38206,愛媛県西条市,5,"愛媛県/西条市","133.18118","33.91962","5","3"
38207,愛媛県大洲市,10,"愛媛県/大洲市","132.54451","33.50629","5","3"
38208,愛媛県,8,"愛媛県","132.76555","33.83916","3","1"
38209,愛媛県,7,"愛媛県","132.76555","33.83916","3","1"
38210,愛媛県伊予市,15,"愛媛県/伊予市","132.70378","33.75746","5","3"
38213,愛媛県四国中央市,64,"愛媛県/四国中央市","133.54919","33.98069","5","3"
38215,愛媛県東温市,6,"愛媛県/東温市","132.87230","33.79103","5","3"
38348,愛媛県,1,"愛媛県","132.76555","33.83916","3","1"
38352,愛媛県,5,"愛媛県","132.76555","33.83916","3","1"
38356,愛媛県上島町,2,"愛媛県/上浦町","133.03210","34.26221","4","0"
38362,愛媛県,1,"愛媛県","132.76555","33.83916","3","1"
38401,愛媛県松前町,2,"愛媛県/松前町","132.71136","33.78748","5","0"
39201,高知県高知市,43,"高知県/高知市","133.53116","33.55879","5","3"
39204,高知県南国市,15,"高知県/南国市","133.64146","33.57567","5","3"
39212,高知県香美市,11,"高知県/香美市","133.68625","33.60386","5","3"
39323,高知県土佐山田町,5,"高知県/土佐山田町","133.73241","33.62321","5","0"
39383,高知県春野町,3,"高知県/春野町","133.47903","33.51012","5","0"
40101,福岡県北九州市門司区,47,"福岡県/北九州市/門司区","130.95955","33.94124","5","4"
40103,福岡県北九州市若松区,43,"福岡県/北九州市/若松区","130.81122","33.90543","5","4"
40105,福岡県北九州市戸畑区,27,"福岡県/北九州市/戸畑区","130.82980","33.89344","5","4"
40106,福岡県北九州市小倉北区,116,"福岡県/北九州市/小倉北区","130.87337","33.88089","5","4"
40107,福岡県北九州市小倉南区,14,"福岡県/北九州市/小倉南区","130.88481","33.84652","5","4"
40108,福岡県北九州市八幡東区,25,"福岡県/北九州市/八幡東区","130.81189","33.86354","5","4"
40109,福岡県北九州市八幡西区,107,"福岡県/北九州市/八幡西区","130.76517","33.86650","5","4"
40131,福岡県福岡市東区,50,"福岡県/福岡市/東区","130.41736","33.61774","5","4"
40132,福岡県福岡市博多区,212,"福岡県/福岡市/博多区","130.41478","33.59150","5","4"
40133,福岡県福岡市中央区,146,"福岡県/福岡市/中央区","130.39282","33.58924","5","4"
40134,福岡県福岡市南区,21,"福岡県/福岡市/南区","130.42644","33.56156","5","4"
40137,福岡県福岡市早良区,9,"福岡県/福岡市/早良区","130.34840","33.58194","5","4"
40202,福岡県大牟田市,6,"福岡県/大牟田市","130.44606","33.03025","5","3"
40203,福岡県久留米市,49,"福岡県/久留米市","130.50838","33.31929","5","3"
40204,福岡県直方市,16,"福岡県/直方市","130.72964","33.74418","5","3"
40205,福岡県飯塚市,12,"福岡県/飯塚市","130.69142","33.64608","5","3"
40209,福岡県甘木市,12,"福岡県/甘木市","130.66557","33.42341","5","3"
40211,福岡県筑後市,9,"福岡県/筑後市","130.50215","33.21225","5","3"
40213,福岡県行橋市,10,"福岡県/行橋市","130.98296","33.72876","5","3"
40216,福岡県小郡市,14,"福岡県/小郡市","130.55554","33.39645","5","3"
40217,福岡県筑紫野市,2,"福岡県/筑紫野市","130.51559","33.49632","5","3"
40219,福岡県大野城市,14,"福岡県/大野城市","130.47870","33.53629","5","3"
40223,福岡県古賀市,21,"福岡県/古賀市","130.47000","33.72866","5","3"
40228,福岡県朝倉市,8,"福岡県/朝倉市","130.66557","33.42341","5","3"
40341,福岡県宇美町,5,"福岡県/宇美町","130.51122","33.56777","5","0"
40342,福岡県篠栗町,10,"福岡県/篠栗町","130.52621","33.62387","5","0"
40343,福岡県志免町,4,"福岡県/志免町","130.47981","33.59150","5","0"
40345,福岡県新宮町,8,"福岡県/新宮町","130.44656","33.71531","5","0"
40347,福岡県,1,"福岡県","130.87518","33.88341","3","1"
40382,福岡県水巻町,9,"福岡県","130.87518","33.88341","3","1"
40503,福岡県大刀洗町,15,"福岡県/大刀洗町","130.62245","33.37243","5","0"
40544,福岡県広川町,2,"福岡県/広川町","130.55142","33.24150","5","0"
40601,福岡県香春町,8,"福岡県/香春町","130.84740","33.66801","5","0"
40610,福岡県福智町,3,"福岡県/福岡","130.40173","33.59031","4","3"
40621,福岡県苅田町,10,"福岡県/苅田町","130.98047","33.77600","5","0"
41201,佐賀県佐賀市,50,"佐賀県/佐賀市","130.30084","33.26354","5","3"
41202,佐賀県唐津市,3,"佐賀県/唐津市","129.96797","33.45010","5","3"
41203,佐賀県鳥栖市,23,"佐賀県/鳥栖市","130.50624","33.37776","5","3"
41204,佐賀県多久市,13,"佐賀県/多久市","130.11006","33.28851","5","3"
41206,佐賀県武雄市,13,"佐賀県/武雄市","130.01915","33.19375","5","3"
41210,佐賀県神埼市,8,"佐賀県/神埼市","130.37306","33.31073","5","3"
41301,佐賀県諸富町,1,"佐賀県","130.30084","33.26354","3","1"
41321,佐賀県神埼町,1,"佐賀県/神埼町","130.37466","33.29456","5","0"
41323,佐賀県三田川町,1,"佐賀県/三田川町","130.40601","33.33234","5","0"
41327,佐賀県吉野ヶ里町,9,"佐賀県","130.30084","33.26354","3","1"
41341,佐賀県基山町,11,"佐賀県/基山町","130.52306","33.42694","5","0"
41401,佐賀県有田町,12,"佐賀県","130.30084","33.26354","3","1"
41402,佐賀県西有田町,1,"佐賀県/西松浦","129.84901","33.21058","4","2"
41423,佐賀県大町町,2,"佐賀県/大町町","130.11603","33.21387","5","0"
41424,佐賀県江北町,2,"佐賀県/江北町","130.15730","33.22046","5","0"
42201,長崎県長崎市,12,"長崎県/長崎市","129.87790","32.75031","5","3"
42202,長崎県佐世保市,12,"長崎県/佐世保市","129.71509","33.17990","5","3"
42204,長崎県諫早市,2,"長崎県/諫早市","130.05360","32.84421","5","3"
42205,長崎県大村市,16,"長崎県/大村市","129.95822","32.89996","5","3"
42207,長崎県平戸市,8,"長崎県/平戸市","129.55367","33.36806","5","3"
42212,長崎県西海市,12,"長崎県/西海市","129.64296","32.93312","5","3"
42308,長崎県時津町,19,"長崎県/時津町","129.84853","32.82888","5","0"
42312,長崎県大島町,4,"長崎県/大島町","129.61580","33.03909","5","0"
43102,熊本県熊本市東区,1,"熊本県/熊本市/東区","130.76807","32.78053","5","4"
43104,熊本県熊本市南区,2,"熊本県/熊本市/南区","130.67892","32.71536","5","4"
43105,熊本県熊本市北区,6,"熊本県/熊本市/北区","130.69426","32.90356","5","4"
43201,熊本県熊本市,44,"熊本県/熊本市","130.70790","32.80308","5","3"
43202,熊本県八代市,4,"熊本県/八代市","130.60188","32.50741","5","3"
43206,熊本県玉名市,8,"熊本県/玉名市","130.55962","32.92814","5","3"
43208,熊本県山鹿市,10,"熊本県/山鹿市","130.69130","33.01673","5","3"
43210,熊本県菊池市,16,"熊本県/菊池市","130.81325","32.97948","5","3"
43211,熊本県宇土市,4,"熊本県/宇土市","130.65857","32.68729","5","3"
43213,熊本県宇城市,12,"熊本県/宇城市","130.68428","32.64782","5","3"
43216,熊本県合志市,12,"熊本県/合志市","130.78972","32.88600","5","3"
43322,熊本県,3,"熊本県","130.70790","32.80308","3","1"
43343,熊本県,4,"熊本県","130.70790","32.80308","3","1"
43364,熊本県玉東町,16,"熊本県/玉東町","130.62859","32.91890","5","0"
43402,熊本県,4,"熊本県","130.70790","32.80308","3","1"
43404,熊本県菊陽町,9,"熊本県/菊陽町","130.82866","32.86251","5","0"
43405,熊本県合志町,5,"熊本県/合志町","130.76906","32.89547","5","0"
43442,熊本県嘉島町,8,"熊本県/嘉島町","130.75731","32.74007","5","0"
43443,熊本県益城町,1,"熊本県/益城町","130.81642","32.79140","5","0"
44201,大分県大分市,23,"大分県/大分市","131.60938","33.23952","5","3"
44202,大分県別府市,2,"大分県/別府市","131.49133","33.28464","5","3"
44206,大分県臼杵市,2,"大分県/臼杵市","131.80464","33.12595","5","3"
44522,大分県,3,"大分県","131.60938","33.23952","3","1"
45201,宮崎県宮崎市,27,"宮崎県/宮崎市","131.42024","31.90768","5","3"
45202,宮崎県都城市,2,"宮崎県/都城市","131.06149","31.71952","5","3"
45203,宮崎県延岡市,20,"宮崎県/延岡市","131.66486","32.58240","5","3"
45204,宮崎県日南市,6,"宮崎県/日南市","131.37874","31.60193","5","3"
45208,宮崎県西都市,1,"宮崎県/西都市","131.40126","32.10856","5","3"
45303,宮崎県佐土原町,8,"宮崎県/佐土原町","131.47098","32.03381","5","0"
45405,宮崎県川南町,3,"宮崎県/川南町","131.52582","32.19201","5","0"
46201,鹿児島県鹿児島市,11,"鹿児島県/鹿児島市","130.55734","31.59679","5","3"
46211,鹿児島県加世田市,2,"鹿児島県/加世田市","130.32350","31.41657","5","3"
46216,鹿児島県日置市,2,"鹿児島県/日置市","130.40244","31.63371","5","3"
46218,鹿児島県霧島市,9,"鹿児島県/霧島市","130.76314","31.74101","5","3"
46363,鹿児島県伊集院町,4,"鹿児島県/伊集院町","130.41600","31.65574","5","0"
46441,鹿児島県加治木町,3,"鹿児島県/加治木町","130.66483","31.74117","5","0"
46445,鹿児島県横川町,5,"鹿児島県/横川町","130.71513","31.85980","5","0"
47201,沖縄県那覇市,11,"沖縄県/那覇市","127.67921","26.21230","5","3"
47205,沖縄県宜野湾市,3,"沖縄県/宜野湾市","127.77864","26.28158","5","3"
47213,沖縄県うるま市,7,"沖縄県/うるま市","127.85748","26.37915","5","3"
47347,沖縄県佐敷町,2,"沖縄県/佐敷町","127.81044","26.17522","5","0"
